return_date,mv,returns
2013-12-31,1000000,0
2014-01-01,993206.38,-0.00679362
2014-01-02,992628.45,-0.000581883
2014-01-03,996394.98,0.003794501
2014-01-04,1002500.97,0.006128082
2014-01-05,1013136.84,0.010609336
2014-01-06,1026973.9,0.013657642
2014-01-07,1034738.03,0.007560202
2014-01-08,1041105.56,0.00615376
2014-01-09,1042102.25,0.000957338
2014-01-10,1041454.82,-0.000621273
2014-01-11,1033673.24,-0.007471836
2014-01-12,1026655.69,-0.006788944
2014-01-13,1015913.29,-0.010463488
2014-01-14,1005883.06,-0.009873116
2014-01-15,999626.08,-0.006220385
2014-01-16,996845.26,-0.00278186
2014-01-17,993118.13,-0.003738925
2014-01-18,988060.89,-0.005092284
2014-01-19,985407.82,-0.002685128
2014-01-20,980478.92,-0.005001888
2014-01-21,972378.91,-0.008261279
2014-01-22,964212.87,-0.008398002
2014-01-23,961298.24,-0.003022808
2014-01-24,955984.78,-0.005527379
2014-01-25,951472.81,-0.004719709
2014-01-26,947125.15,-0.0045694
2014-01-27,945568.27,-0.001643795
2014-01-28,942384.26,-0.003367298
2014-01-29,941905.62,-0.000507903
2014-01-30,941770.08,-0.0001439
2014-01-31,944930.42,0.003355745
2014-02-01,947597.21,0.002822208
2014-02-02,946898.87,-0.000736959
2014-02-03,947571.96,0.000710836
2014-02-04,943069.65,-0.004751418
2014-02-05,936084.93,-0.007406367
2014-02-06,929738.92,-0.00677931
2014-02-07,923189.85,-0.007043988
2014-02-08,916003.48,-0.007784282
2014-02-09,909421.6,-0.007185431
2014-02-10,907029.24,-0.002630639
2014-02-11,904394.02,-0.002905331
2014-02-12,902229.87,-0.002392928
2014-02-13,901812.46,-0.000462643
2014-02-14,906150.52,0.004810379
2014-02-15,912262.71,0.006745226
2014-02-16,922209.71,0.010903657
2014-02-17,931275.14,0.009830118
2014-02-18,939364.19,0.008685994
2014-02-19,947930.11,0.009118849
2014-02-20,951173.16,0.003421191
2014-02-21,949890.27,-0.001348745
2014-02-22,951638.91,0.001840886
2014-02-23,948799.5,-0.002983705
2014-02-24,947313.91,-0.001565758
2014-02-25,946306.34,-0.001063607
2014-02-26,943485.96,-0.002980409
2014-02-27,941653.15,-0.001942594
2014-02-28,941374.9,-0.000295491
2014-03-01,940861.04,-0.000545861
2014-03-02,944954.59,0.004350855
2014-03-03,954853.54,0.010475583
2014-03-04,965856.09,0.011522762
2014-03-05,980689.4,0.015357681
2014-03-06,988622.53,0.00808934
2014-03-07,993636.38,0.005071551
2014-03-08,998473.68,0.00486828
2014-03-09,1002195.7,0.00372771
2014-03-10,1005416.66,0.003213903
2014-03-11,1012229.25,0.006775887
2014-03-12,1015350.42,0.003083462
2014-03-13,1013789.29,-0.001537528
2014-03-14,1015297.91,0.0014881
2014-03-15,1011617.2,-0.003625251
2014-03-16,1005257.06,-0.006287101
2014-03-17,1002280.35,-0.002961143
2014-03-18,998020.63,-0.004250028
2014-03-19,993833.61,-0.004195324
2014-03-20,992810.77,-0.001029186
2014-03-21,996075.64,0.003288512
2014-03-22,1000759.76,0.004702575
2014-03-23,1010580.3,0.009813084
2014-03-24,1015987.88,0.005350965
2014-03-25,1024935.03,0.008806355
2014-03-26,1033669.47,0.008521945
2014-03-27,1037319.8,0.003531429
2014-03-28,1035781.28,-0.001483168
2014-03-29,1038513.14,0.002637487
2014-03-30,1040604.93,0.002014216
2014-03-31,1041981.38,0.00132274
2014-04-01,1046777.8,0.004603172
2014-04-02,1058440.14,0.01114118
2014-04-03,1070633.42,0.011520047
2014-04-04,1082486.82,0.01107139
2014-04-05,1092156.27,0.008932626
2014-04-06,1102344.27,0.009328335
2014-04-07,1109012.48,0.006049117
2014-04-08,1107026.71,-0.001790575
2014-04-09,1099635.1,-0.006676993
2014-04-10,1096009.63,-0.003296976
2014-04-11,1092888.77,-0.002847475
2014-04-12,1087364.53,-0.005054714
2014-04-13,1082561.33,-0.004417286
2014-04-14,1081386.8,-0.001084955
2014-04-15,1079123.39,-0.002093062
2014-04-16,1073325.49,-0.005372787
2014-04-17,1066181.66,-0.006655791
2014-04-18,1058798.97,-0.00692442
2014-04-19,1051792.1,-0.006617753
2014-04-20,1046592.65,-0.00494342
2014-04-21,1040808.38,-0.005526763
2014-04-22,1036961.13,-0.003696406
2014-04-23,1036389.57,-0.000551187
2014-04-24,1038047.45,0.001599669
2014-04-25,1033616.6,-0.004268446
2014-04-26,1034674.66,0.001023648
2014-04-27,1040261.58,0.005399688
2014-04-28,1048493.09,0.007912923
2014-04-29,1054718.34,0.00593733
2014-04-30,1067339.79,0.011966655
2014-05-01,1081569.03,0.0133315
2014-05-02,1089039.76,0.006907308
2014-05-03,1096245.57,0.006616664
2014-05-04,1100306.34,0.003704252
2014-05-05,1103338.17,0.002755442
2014-05-06,1098839.66,-0.004077182
2014-05-07,1099560.68,0.000656165
2014-05-08,1097143.86,-0.002197987
2014-05-09,1097978,0.000760283
2014-05-10,1093430.05,-0.004142114
2014-05-11,1089732.23,-0.003381853
2014-05-12,1085271.51,-0.004093409
2014-05-13,1085980.09,0.000652906
2014-05-14,1083445.11,-0.002334279
2014-05-15,1085512.36,0.001908034
2014-05-16,1094285.37,0.008081907
2014-05-17,1101801.21,0.006868263
2014-05-18,1107840.85,0.005481606
2014-05-19,1111541.6,0.003340507
2014-05-20,1112793.62,0.001126382
2014-05-21,1107401.96,-0.004845157
2014-05-22,1101277.27,-0.005530684
2014-05-23,1088461.65,-0.011637051
2014-05-24,1076624.48,-0.010875137
2014-05-25,1064076.57,-0.011654862
2014-05-26,1057924.28,-0.005781811
2014-05-27,1052022.64,-0.005578509
2014-05-28,1053793.23,0.001683034
2014-05-29,1057992.14,0.003984567
2014-05-30,1064407.28,0.006063504
2014-05-31,1066557.99,0.002020571
2014-06-01,1068899.28,0.002195183
2014-06-02,1063435.89,-0.00511123
2014-06-03,1057040.22,-0.006014157
2014-06-04,1050904,-0.005805096
2014-06-05,1041820.55,-0.008643463
2014-06-06,1030123.67,-0.011227346
2014-06-07,1018553.04,-0.011232273
2014-06-08,1007379.74,-0.010969777
2014-06-09,998719.34,-0.008596957
2014-06-10,995684.34,-0.003038892
2014-06-11,999690.3,0.004023323
2014-06-12,1004377.39,0.004688542
2014-06-13,1010178.83,0.005776156
2014-06-14,1017095.12,0.0068466
2014-06-15,1022476.68,0.005291108
2014-06-16,1024980.99,0.002449259
2014-06-17,1033091.56,0.007912898
2014-06-18,1039578.9,0.00627954
2014-06-19,1045797.86,0.005982191
2014-06-20,1050459.89,0.004457869
2014-06-21,1052102.41,0.00156362
2014-06-22,1054644.67,0.002416362
2014-06-23,1055962.26,0.001249321
2014-06-24,1056233.73,0.000257083
2014-06-25,1057540.99,0.001237662
2014-06-26,1060141.72,0.002459224
2014-06-27,1061915.69,0.001673333
2014-06-28,1067028.84,0.004815024
2014-06-29,1068598.06,0.001470644
2014-06-30,1074056.65,0.005108179
2014-07-01,1082084.58,0.007474401
2014-07-02,1085481.42,0.003139163
2014-07-03,1090574.89,0.00469236
2014-07-04,1098832.08,0.00757141
2014-07-05,1100039.54,0.001098858
2014-07-06,1097297.11,-0.002493029
2014-07-07,1096990.08,-0.000279806
2014-07-08,1098514.63,0.001389757
2014-07-09,1095934.04,-0.002349163
2014-07-10,1098453.88,0.002299262
2014-07-11,1102105.02,0.00332389
2014-07-12,1103547.92,0.001309222
2014-07-13,1100723.06,-0.002559798
2014-07-14,1103716.92,0.002719903
2014-07-15,1105074.39,0.001229908
2014-07-16,1105418.01,0.000310947
2014-07-17,1105778.25,0.000325886
2014-07-18,1106722.31,0.000853752
2014-07-19,1107259.38,0.00048528
2014-07-20,1107483.49,0.000202401
2014-07-21,1112964.49,0.004949058
2014-07-22,1118887.01,0.005321392
2014-07-23,1126788.39,0.007061821
2014-07-24,1132692.09,0.005239404
2014-07-25,1136781.12,0.00361001
2014-07-26,1133370.09,-0.003000604
2014-07-27,1131542.87,-0.001612201
2014-07-28,1128538.94,-0.00265472
2014-07-29,1123627.05,-0.004352433
2014-07-30,1121056.41,-0.002287805
2014-07-31,1124913.68,0.003440746
2014-08-01,1128316.16,0.003024659
2014-08-02,1134369.23,0.005364693
2014-08-03,1137848.93,0.00306752
2014-08-04,1137543.11,-0.00026877
2014-08-05,1139186.51,0.001444693
2014-08-06,1137215.41,-0.00173027
2014-08-07,1132319.07,-0.004305552
2014-08-08,1133550.08,0.001087158
2014-08-09,1139478.13,0.005229632
2014-08-10,1140951,0.001292583
2014-08-11,1142602.49,0.001447468
2014-08-12,1145130.73,0.002212703
2014-08-13,1140928.8,-0.003669389
2014-08-14,1134506.71,-0.005628826
2014-08-15,1129662.96,-0.004269477
2014-08-16,1131154.97,0.001320757
2014-08-17,1128947.26,-0.001951731
2014-08-18,1133394.3,0.003939103
2014-08-19,1137093.89,0.003264169
2014-08-20,1143301.82,0.00545947
2014-08-21,1148261.2,0.00433777
2014-08-22,1151423.01,0.002753563
2014-08-23,1153212.08,0.00155379
2014-08-24,1153245.57,2.90E-05
2014-08-25,1145590.44,-0.006637901
2014-08-26,1138585.87,-0.006114375
2014-08-27,1139726.17,0.001001505
2014-08-28,1143256.07,0.003097147
2014-08-29,1153485.41,0.008947549
2014-08-30,1165564.49,0.01047181
2014-08-31,1177436.57,0.010185691
2014-09-01,1189711.9,0.01042547
2014-09-02,1198950.18,0.00776514
2014-09-03,1203227.5,0.003567554
2014-09-04,1205145.35,0.001593921
2014-09-05,1204425.77,-0.00059709
2014-09-06,1200843.63,-0.002974148
2014-09-07,1198485.89,-0.001963403
2014-09-08,1198567.34,6.80E-05
2014-09-09,1201513.06,0.002457701
2014-09-10,1204660.04,0.002619181
2014-09-11,1210633.42,0.004958561
2014-09-12,1213701.69,0.002534434
2014-09-13,1216670.09,0.002445741
2014-09-14,1225998.74,0.007667362
2014-09-15,1237602.6,0.009464822
2014-09-16,1244475.1,0.005553075
2014-09-17,1252358.63,0.006334823
2014-09-18,1261928.84,0.007641749
2014-09-19,1264957.06,0.002399676
2014-09-20,1267714.28,0.002179695
2014-09-21,1267754.41,3.17E-05
2014-09-22,1264179.36,-0.002819986
2014-09-23,1257542.07,-0.005250276
2014-09-24,1257251.41,-0.000231133
2014-09-25,1258997.3,0.001388656
2014-09-26,1267340.97,0.006627234
2014-09-27,1275046.38,0.006079982
2014-09-28,1282486.14,0.005834894
2014-09-29,1285879.23,0.002645713
2014-09-30,1288497.1,0.00203586
2014-10-01,1285901.72,-0.002014269
2014-10-02,1285086.03,-0.000634333
2014-10-03,1286818.17,0.001347879
2014-10-04,1288550.64,0.001346321
2014-10-05,1288414.07,-0.000105987
2014-10-06,1287290.96,-0.0008717
2014-10-07,1287910.85,0.000481546
2014-10-08,1291783.55,0.003006963
2014-10-09,1291931.98,0.000114903
2014-10-10,1289891.92,-0.001579077
2014-10-11,1286601.86,-0.002550648
2014-10-12,1280350.03,-0.00485918
2014-10-13,1267931.86,-0.009699043
2014-10-14,1262001.01,-0.004677578
2014-10-15,1259892.26,-0.001670957
2014-10-16,1257003.74,-0.002292672
2014-10-17,1255328.5,-0.001332725
2014-10-18,1256896.01,0.001248685
2014-10-19,1250674.95,-0.004949542
2014-10-20,1245686.51,-0.003988598
2014-10-21,1247062.56,0.001104652
2014-10-22,1247240.51,0.000142695
2014-10-23,1245815.61,-0.001142442
2014-10-24,1246383.45,0.000455798
2014-10-25,1246016.04,-0.000294781
2014-10-26,1243952.97,-0.001655733
2014-10-27,1244629.86,0.000544144
2014-10-28,1247774.12,0.002526261
2014-10-29,1254572.08,0.005448069
2014-10-30,1262187.26,0.006069942
2014-10-31,1264569.93,0.001887731
2014-11-01,1262559.49,-0.001589821
2014-11-02,1258875.05,-0.002918231
2014-11-03,1252344.26,-0.005187798
2014-11-04,1239127.68,-0.010553472
2014-11-05,1234729.71,-0.003549247
2014-11-06,1233999.78,-0.000591166
2014-11-07,1228550.03,-0.00441633
2014-11-08,1228285.29,-0.00021549
2014-11-09,1227283.55,-0.00081556
2014-11-10,1219474.79,-0.006362637
2014-11-11,1216097.51,-0.002769455
2014-11-12,1219093.37,0.002463503
2014-11-13,1216181.3,-0.002388718
2014-11-14,1215042.43,-0.000936431
2014-11-15,1219855.49,0.003961228
2014-11-16,1221064.04,0.000990732
2014-11-17,1216901.97,-0.00340856
2014-11-18,1210949.27,-0.004891684
2014-11-19,1207698.97,-0.002684093
2014-11-20,1202890.05,-0.003981886
2014-11-21,1195947.69,-0.0057714
2014-11-22,1194568.5,-0.001153219
2014-11-23,1192786.77,-0.001491526
2014-11-24,1188158.09,-0.003880559
2014-11-25,1184575.15,-0.003015541
2014-11-26,1180352.8,-0.003564442
2014-11-27,1173232.11,-0.006032679
2014-11-28,1169177.85,-0.003455633
2014-11-29,1168519.65,-0.00056296
2014-11-30,1164218.37,-0.003680965
2014-12-01,1159780.33,-0.003812034
2014-12-02,1156344.13,-0.002962802
2014-12-03,1155152.69,-0.001030351
2014-12-04,1156221.3,0.000925081
2014-12-05,1156601.98,0.000329245
2014-12-06,1163775.4,0.006202151
2014-12-07,1165400.82,0.001396678
2014-12-08,1169637.96,0.003635779
2014-12-09,1173530.7,0.003328158
2014-12-10,1176986.11,0.002944456
2014-12-11,1173192.47,-0.003223182
2014-12-12,1170966.54,-0.001897327
2014-12-13,1162290.02,-0.007409708
2014-12-14,1153218.77,-0.007804636
2014-12-15,1147234.4,-0.005189276
2014-12-16,1141791.95,-0.004743974
2014-12-17,1141827.27,3.09E-05
2014-12-18,1146224.5,0.003851047
2014-12-19,1148116.4,0.001650549
2014-12-20,1151645.42,0.003073748
2014-12-21,1157585.54,0.005157942
2014-12-22,1163750.43,0.005325645
2014-12-23,1168509.62,0.004089528
2014-12-24,1172264.56,0.003213444
2014-12-25,1175286.8,0.002578121
2014-12-26,1175221.85,-5.53E-05
2014-12-27,1174065,-0.000984367
2014-12-28,1173555.3,-0.000434133
2014-12-29,1178174.19,0.003935809
2014-12-30,1184393.93,0.005279134
2014-12-31,1197930.32,0.011428959
2015-01-01,1208763.2,0.009042997
2015-01-02,1220327.19,0.009566795
2015-01-03,1225087.09,0.003900511
2015-01-04,1223814.3,-0.001038938
2015-01-05,1223499.83,-0.000256959
2015-01-06,1228081.52,0.003744741
2015-01-07,1232081.83,0.003257365
2015-01-08,1240491.66,0.006825707
2015-01-09,1248723.16,0.006635675
2015-01-10,1248439.53,-0.000227136
2015-01-11,1243596.15,-0.003879547
2015-01-12,1238155.54,-0.004374901
2015-01-13,1236049.9,-0.001700626
2015-01-14,1236170.86,9.79E-05
2015-01-15,1235584.41,-0.000474409
2015-01-16,1235295.5,-0.000233825
2015-01-17,1233224.3,-0.001676684
2015-01-18,1230454.38,-0.00224608
2015-01-19,1224871.91,-0.004536917
2015-01-20,1221206.65,-0.002992362
2015-01-21,1221325.38,9.72E-05
2015-01-22,1221746.39,0.000344716
2015-01-23,1218374.03,-0.002760278
2015-01-24,1219068.85,0.000570285
2015-01-25,1220041.25,0.000797658
2015-01-26,1217487.28,-0.002093347
2015-01-27,1220714.83,0.002650993
2015-01-28,1223076.39,0.001934571
2015-01-29,1224474.02,0.001142717
2015-01-30,1225337.14,0.00070489
2015-01-31,1224065.84,-0.00103751
2015-02-01,1222989.19,-0.000879569
2015-02-02,1223007.08,1.46E-05
2015-02-03,1227272.99,0.00348805
2015-02-04,1235570.42,0.006760867
2015-02-05,1250155.15,0.011804046
2015-02-06,1257482.22,0.005860929
2015-02-07,1265171.72,0.006114997
2015-02-08,1270476.9,0.004193249
2015-02-09,1276812.96,0.004987151
2015-02-10,1282208.75,0.004225983
2015-02-11,1292392.2,0.007942116
2015-02-12,1305285.5,0.009976306
2015-02-13,1311883.26,0.005054649
2015-02-14,1311292.52,-0.000450299
2015-02-15,1303345.53,-0.006060425
2015-02-16,1297364.36,-0.00458909
2015-02-17,1287740.98,-0.007417639
2015-02-18,1285004.71,-0.002124861
2015-02-19,1289434.76,0.003447497
2015-02-20,1297924.84,0.006584342
2015-02-21,1297634.52,-0.00022368
2015-02-22,1302499.56,0.00374916
2015-02-23,1309486.88,0.005364547
2015-02-24,1309261.45,-0.000172151
2015-02-25,1306050.39,-0.002452574
2015-02-26,1305098.58,-0.00072877
2015-02-27,1303508.99,-0.001217985
2015-02-28,1301689.96,-0.001395487
2015-03-01,1304669.96,0.002289332
2015-03-02,1308039.19,0.002582439
2015-03-03,1309818.05,0.001359944
2015-03-04,1304131.72,-0.004341313
2015-03-05,1299476.74,-0.003569409
2015-03-06,1292584.57,-0.005303804
2015-03-07,1284847.03,-0.0059861
2015-03-08,1278427.3,-0.004996494
2015-03-09,1277936.61,-0.000383823
2015-03-10,1273957.01,-0.003114082
2015-03-11,1275866.28,0.001498693
2015-03-12,1280618.63,0.003724803
2015-03-13,1283573,0.002306987
2015-03-14,1283293.14,-0.000218032
2015-03-15,1279301.51,-0.003110458
2015-03-16,1269383.26,-0.007752864
2015-03-17,1256977.05,-0.009773415
2015-03-18,1244826.96,-0.009666119
2015-03-19,1234930.54,-0.007950037
2015-03-20,1224498.63,-0.008447366
2015-03-21,1221310.91,-0.002603286
2015-03-22,1217153.01,-0.003404457
2015-03-23,1213791.85,-0.002761493
2015-03-24,1204799.06,-0.00740884
2015-03-25,1197831.07,-0.005783529
2015-03-26,1188541.4,-0.007755409
2015-03-27,1182827.5,-0.004807489
2015-03-28,1177138.9,-0.004809323
2015-03-29,1170959.26,-0.005249712
2015-03-30,1161204.48,-0.008330589
2015-03-31,1151392.79,-0.00844958
2015-04-01,1140781.26,-0.009216255
2015-04-02,1134621.28,-0.005399791
2015-04-03,1135380.64,0.000669263
2015-04-04,1137903.77,0.002222277
2015-04-05,1138265.92,0.000318261
2015-04-06,1141140.09,0.002525043
2015-04-07,1143395.8,0.001976716
2015-04-08,1140154.64,-0.002834679
2015-04-09,1143683.83,0.003095361
2015-04-10,1146149.67,0.00215605
2015-04-11,1148548.89,0.002093287
2015-04-12,1148384.3,-0.000143303
2015-04-13,1151663.26,0.002855281
2015-04-14,1150843.6,-0.000711718
2015-04-15,1146697.62,-0.003602557
2015-04-16,1138449.06,-0.007193317
2015-04-17,1136525.37,-0.001689746
2015-04-18,1130070.29,-0.005679662
2015-04-19,1120897.03,-0.008117424
2015-04-20,1117812.59,-0.00275176
2015-04-21,1121784.65,0.003553422
2015-04-22,1120833.27,-0.000848095
2015-04-23,1120431.82,-0.000358171
2015-04-24,1126610.6,0.005514642
2015-04-25,1129405.59,0.002480884
2015-04-26,1130673.89,0.00112298
2015-04-27,1130211.56,-0.000408898
2015-04-28,1132404.68,0.001940451
2015-04-29,1134068.13,0.001468954
2015-04-30,1139367.7,0.004673061
2015-05-01,1146432.26,0.006200422
2015-05-02,1157119.26,0.009321964
2015-05-03,1165487.69,0.007232124
2015-05-04,1172080.92,0.005657057
2015-05-05,1176185.03,0.003501559
2015-05-06,1179654.93,0.002950131
2015-05-07,1184047.52,0.003723623
2015-05-08,1191660.06,0.006429252
2015-05-09,1194029.19,0.001988092
2015-05-10,1193142.88,-0.000742285
2015-05-11,1191907.03,-0.001035794
2015-05-12,1188269,-0.003052277
2015-05-13,1180872.19,-0.006224862
2015-05-14,1180085.23,-0.000666423
2015-05-15,1183991.88,0.003310481
2015-05-16,1182981.47,-0.000853393
2015-05-17,1186783.67,0.003214082
2015-05-18,1195054.81,0.006969375
2015-05-19,1197039.87,0.001661062
2015-05-20,1198579.22,0.001285964
2015-05-21,1198407.21,-0.000143512
2015-05-22,1197336.06,-0.000893811
2015-05-23,1198565.19,0.001026554
2015-05-24,1207204.64,0.00720816
2015-05-25,1218754.47,0.009567417
2015-05-26,1234831.54,0.013191394
2015-05-27,1246947.63,0.009811938
2015-05-28,1260576.11,0.010929473
2015-05-29,1269700.44,0.007238222
2015-05-30,1280286.82,0.008337699
2015-05-31,1291631.68,0.008861186
2015-06-01,1305154.67,0.010469695
2015-06-02,1315441.13,0.007881411
2015-06-03,1330199.56,0.011219377
2015-06-04,1338729.59,0.006412594
2015-06-05,1339796.46,0.000796927
2015-06-06,1338921.77,-0.000652853
2015-06-07,1335462.16,-0.002583878
2015-06-08,1330981.34,-0.003355258
2015-06-09,1331589.68,0.000457061
2015-06-10,1334229.3,0.001982307
2015-06-11,1333929.46,-0.000224729
2015-06-12,1330430.41,-0.002623115
2015-06-13,1323854.67,-0.004942566
2015-06-14,1314928.32,-0.006742696
2015-06-15,1312465.65,-0.001872855
2015-06-16,1311683.67,-0.00059581
2015-06-17,1315227.75,0.002701932
2015-06-18,1315134.52,-7.09E-05
2015-06-19,1317448.59,0.001759569
2015-06-20,1312371.09,-0.00385404
2015-06-21,1313113.07,0.000565374
2015-06-22,1312763.81,-0.000265979
2015-06-23,1318053.36,0.004029323
2015-06-24,1324803.87,0.005121576
2015-06-25,1333952.18,0.006905407
2015-06-26,1338805.71,0.003638459
2015-06-27,1347428.34,0.006440539
2015-06-28,1350876.11,0.002558778
2015-06-29,1352582.61,0.001263254
2015-06-30,1353037.36,0.000336209
2015-07-01,1358355.52,0.003930534
2015-07-02,1365072.75,0.004945119
2015-07-03,1375390.56,0.007558432
2015-07-04,1377918.79,0.001838191
2015-07-05,1387918.4,0.007257039
2015-07-06,1396724.34,0.00634471
2015-07-07,1399337.19,0.001870698
2015-07-08,1403984.63,0.003321172
2015-07-09,1416653.44,0.009023468
2015-07-10,1421165.05,0.003184696
2015-07-11,1425108.53,0.002774822
2015-07-12,1436612.71,0.008072494
2015-07-13,1445177.69,0.005961927
2015-07-14,1452199.55,0.004858821
2015-07-15,1466961.68,0.010165359
2015-07-16,1474106.45,0.004870454
2015-07-17,1476731.48,0.00178076
2015-07-18,1478691.82,0.001327486
2015-07-19,1482270.25,0.002419997
2015-07-20,1484774.83,0.001689692
2015-07-21,1497534.72,0.008593822
2015-07-22,1508773.98,0.007505175
2015-07-23,1515737.31,0.004615224
2015-07-24,1515640.47,-6.39E-05
2015-07-25,1516169.89,0.000349304
2015-07-26,1513382.8,-0.001838244
2015-07-27,1506749.47,-0.004383114
2015-07-28,1503908.6,-0.00188543
2015-07-29,1505789.7,0.001250807
2015-07-30,1502064.66,-0.002473812
2015-07-31,1492502.79,-0.006365818
2015-08-01,1488931.13,-0.002393068
2015-08-02,1487632.81,-0.000871981
2015-08-03,1490662.46,0.002036558
2015-08-04,1496198.1,0.003713544
2015-08-05,1511030.46,0.009913366
2015-08-06,1529473.47,0.012205585
2015-08-07,1546150.52,0.010903785
2015-08-08,1561574.87,0.009975969
2015-08-09,1582697.64,0.013526582
2015-08-10,1598762.45,0.010150271
2015-08-11,1606490.65,0.004833864
2015-08-12,1614085.73,0.004727746
2015-08-13,1622333.35,0.005109778
2015-08-14,1618765.28,-0.002199345
2015-08-15,1612190.64,-0.004061515
2015-08-16,1614366.2,0.001349443
2015-08-17,1617699.28,0.002064637
2015-08-18,1621066.96,0.002081771
2015-08-19,1626265.23,0.003206697
2015-08-20,1638293.06,0.007395983
2015-08-21,1643842.06,0.003387062
2015-08-22,1647287.55,0.002095998
2015-08-23,1649477.26,0.001329282
2015-08-24,1652693.5,0.001949854
2015-08-25,1645107.22,-0.004590252
2015-08-26,1639476.81,-0.003422519
2015-08-27,1643007.78,0.002153718
2015-08-28,1638172.78,-0.002942774
2015-08-29,1638084,-5.42E-05
2015-08-30,1639071.59,0.000602893
2015-08-31,1640133.77,0.000648038
2015-09-01,1631559.61,-0.00522772
2015-09-02,1624634.26,-0.00424462
2015-09-03,1611144.82,-0.008303063
2015-09-04,1598708.4,-0.007718996
2015-09-05,1579757.44,-0.011853919
2015-09-06,1559715.73,-0.012686574
2015-09-07,1538226.63,-0.013777575
2015-09-08,1525865.89,-0.008035708
2015-09-09,1520574.99,-0.003467474
2015-09-10,1514883.13,-0.003743229
2015-09-11,1514385.7,-0.000328362
2015-09-12,1519191.95,0.003173729
2015-09-13,1520498.85,0.00086026
2015-09-14,1514832.26,-0.003726797
2015-09-15,1509123.53,-0.003768556
2015-09-16,1497314.82,-0.00782488
2015-09-17,1479567.84,-0.011852537
2015-09-18,1466528.2,-0.008813141
2015-09-19,1453846.37,-0.008647519
2015-09-20,1444444.2,-0.0064671
2015-09-21,1441824.79,-0.001813438
2015-09-22,1446162.98,0.003008819
2015-09-23,1445261.33,-0.000623477
2015-09-24,1453238.78,0.005519728
2015-09-25,1460422.61,0.004943324
2015-09-26,1470195.1,0.006691549
2015-09-27,1475754.12,0.003781144
2015-09-28,1480924.55,0.003503585
2015-09-29,1480471.67,-0.000305809
2015-09-30,1485260.68,0.003234787
2015-10-01,1487484.6,0.001497326
2015-10-02,1489391.12,0.001281707
2015-10-03,1493323.08,0.002639978
2015-10-04,1502525.92,0.006162658
2015-10-05,1514982.97,0.008290739
2015-10-06,1529463.56,0.009558253
2015-10-07,1548384.05,0.012370671
2015-10-08,1565347.56,0.010955622
2015-10-09,1581035.21,0.010021832
2015-10-10,1593512.83,0.007892057
2015-10-11,1601510.84,0.005019106
2015-10-12,1610754.47,0.005771819
2015-10-13,1622151.09,0.00707533
2015-10-14,1628651.03,0.004006988
2015-10-15,1635731.94,0.004347715
2015-10-16,1640418.49,0.002865109
2015-10-17,1647368.26,0.004236584
2015-10-18,1656832.53,0.005745085
2015-10-19,1668525.92,0.007057678
2015-10-20,1671021.85,0.001495889
2015-10-21,1672831.73,0.001083098
2015-10-22,1671989.37,-0.000503553
2015-10-23,1660783.26,-0.006702262
2015-10-24,1652304.72,-0.005105145
2015-10-25,1653881.07,0.000954031
2015-10-26,1663988.99,0.006111637
2015-10-27,1677117.28,0.00788965
2015-10-28,1691797.32,0.008753139
2015-10-29,1698861.96,0.004175819
2015-10-30,1705552.09,0.003938007
2015-10-31,1705860.28,0.000180698
2015-11-01,1706031.82,0.000100559
2015-11-02,1707061.21,0.000603383
2015-11-03,1709216.4,0.001262515
2015-11-04,1708361.9,-0.000499937
2015-11-05,1705242.03,-0.001826235
2015-11-06,1691864.75,-0.007844798
2015-11-07,1679305.11,-0.007423548
2015-11-08,1672262.62,-0.004193693
2015-11-09,1659287.87,-0.007758799
2015-11-10,1654912.18,-0.002637089
2015-11-11,1648862.67,-0.003655487
2015-11-12,1641883.73,-0.004232578
2015-11-13,1626620.26,-0.009296316
2015-11-14,1619474.12,-0.004393244
2015-11-15,1607967.83,-0.007104955
2015-11-16,1599156.35,-0.005479886
2015-11-17,1588938.57,-0.006389482
2015-11-18,1586851.88,-0.00131326
2015-11-19,1580722.2,-0.003862793
2015-11-20,1573259.95,-0.004720785
2015-11-21,1570973.8,-0.001453129
2015-11-22,1576475.78,0.003502274
2015-11-23,1576065.42,-0.000260302
2015-11-24,1578075.09,0.001275118
2015-11-25,1579093.97,0.000645647
2015-11-26,1573292.59,-0.003673866
2015-11-27,1571135.43,-0.001371112
2015-11-28,1578473.02,0.004670247
2015-11-29,1582633.98,0.002636067
2015-11-30,1582744.29,6.97E-05
2015-12-01,1585538.31,0.001765301
2015-12-02,1586410.77,0.000550261
2015-12-03,1587078.52,0.000420919
2015-12-04,1584946.19,-0.001343557
2015-12-05,1582659.55,-0.001442724
2015-12-06,1577437.95,-0.003299257
2015-12-07,1571282.3,-0.003902309
2015-12-08,1559800.87,-0.007307045
2015-12-09,1557735.83,-0.001323913
2015-12-10,1557907.73,0.000110352
2015-12-11,1565042.79,0.004579899
2015-12-12,1570069.42,0.003211816
2015-12-13,1568302.96,-0.001125084
2015-12-14,1556317.35,-0.007642407
2015-12-15,1544862.23,-0.007360401
2015-12-16,1528457.87,-0.010618656
2015-12-17,1510794.55,-0.011556302
2015-12-18,1496819.69,-0.009250007
2015-12-19,1488137.04,-0.005800732
2015-12-20,1484061.02,-0.002739008
2015-12-21,1482402.14,-0.001117798
2015-12-22,1480351.59,-0.001383262
2015-12-23,1475024.82,-0.003598314
2015-12-24,1464451.48,-0.007168245
2015-12-25,1453675.04,-0.007358687
2015-12-26,1447760.63,-0.004068592
2015-12-27,1440759.24,-0.004836014
2015-12-28,1443113.95,0.001634354
2015-12-29,1448976.45,0.004062396
2015-12-30,1451376.84,0.001656611
2015-12-31,1450562.2,-0.000561288
2016-01-01,1448874.13,-0.001163735
2016-01-02,1440773.46,-0.00559101
2016-01-03,1432876.48,-0.00548107
2016-01-04,1425528.97,-0.005127804
2016-01-05,1419172.77,-0.004458836
2016-01-06,1415195.72,-0.002802372
2016-01-07,1415700.82,0.000356912
2016-01-08,1418556.3,0.002017008
2016-01-09,1417784.38,-0.000544159
2016-01-10,1409733.43,-0.005678543
2016-01-11,1401067.56,-0.006147169
2016-01-12,1394476.68,-0.004704184
2016-01-13,1385558.34,-0.006395474
2016-01-14,1378106.37,-0.005378316
2016-01-15,1378018.97,-6.34E-05
2016-01-16,1377147.45,-0.000632444
2016-01-17,1374407.14,-0.001989845
2016-01-18,1376424.47,0.001467782
2016-01-19,1384191.67,0.005643027
2016-01-20,1385363.95,0.000846906
2016-01-21,1388646.43,0.002369399
2016-01-22,1394598.35,0.004286131
2016-01-23,1402476,0.005648687
2016-01-24,1407564.75,0.003628404
2016-01-25,1421535.75,0.009925654
2016-01-26,1430018.02,0.005966976
2016-01-27,1432871.12,0.00199515
2016-01-28,1433398.38,0.000367974
2016-01-29,1429718.07,-0.002567542
2016-01-30,1425847.43,-0.002707275
2016-01-31,1431592.7,0.004029372
2016-02-01,1440829.01,0.006451772
2016-02-02,1446638.51,0.004032054
2016-02-03,1455240.34,0.005946081
2016-02-04,1456210.31,0.000666536
2016-02-05,1451181.63,-0.003453265
2016-02-06,1447955.54,-0.002223078
2016-02-07,1440117.64,-0.005413081
2016-02-08,1430009.31,-0.0070191
2016-02-09,1419254.51,-0.00752079
2016-02-10,1408595.44,-0.00751033
2016-02-11,1395219.17,-0.009496176
2016-02-12,1384798.85,-0.00746859
2016-02-13,1375302.55,-0.00685753
2016-02-14,1371756.97,-0.002578036
2016-02-15,1373521.86,0.001286591
2016-02-16,1371927.53,-0.001160761
2016-02-17,1377361.29,0.003960676
2016-02-18,1387279.68,0.007201008
2016-02-19,1394739.54,0.00537733
2016-02-20,1401101.44,0.004561353
2016-02-21,1405105.03,0.002857459
2016-02-22,1408377.77,0.002329178
2016-02-23,1415985.11,0.005401491
2016-02-24,1426937.06,0.007734509
2016-02-25,1430939.42,0.002804861
2016-02-26,1443838.07,0.009014113
2016-02-27,1449751.83,0.004095861
2016-02-28,1453878.03,0.002846142
2016-02-29,1449601.73,-0.002941306
2016-03-01,1451395.58,0.001237478
2016-03-02,1452720.84,0.000913094
2016-03-03,1456144.88,0.002356984
2016-03-04,1455577.08,-0.000389934
2016-03-05,1463756.94,0.005619668
2016-03-06,1466632.33,0.00196439
2016-03-07,1466341.91,-0.000198018
2016-03-08,1471553.53,0.003554164
2016-03-09,1472321.02,0.000521551
2016-03-10,1474809.43,0.001690127
2016-03-11,1476331.51,0.001032052
2016-03-12,1476887.8,0.000376806
2016-03-13,1477646.93,0.000514007
2016-03-14,1486378.89,0.005909368
2016-03-15,1493905.41,0.005063662
2016-03-16,1500432.35,0.004369045
2016-03-17,1501541.6,0.000739287
2016-03-18,1495292.87,-0.004161543
2016-03-19,1481397.33,-0.009292855
2016-03-20,1468347.62,-0.008809055
2016-03-21,1463690.49,-0.003171681
2016-03-22,1462048.08,-0.001122102
2016-03-23,1457503.4,-0.003108434
2016-03-24,1453872.4,-0.002491246
2016-03-25,1447787.11,-0.004185574
2016-03-26,1439381.86,-0.005805584
2016-03-27,1431850.75,-0.005232183
2016-03-28,1426506.72,-0.003732254
2016-03-29,1429542.56,0.002128164
2016-03-30,1435449.94,0.004132357
2016-03-31,1441080.87,0.003922763
2016-04-01,1444825.4,0.002598418
2016-04-02,1446028.18,0.000832474
2016-04-03,1447604.65,0.001090207
2016-04-04,1448155.98,0.000380857
2016-04-05,1446140.55,-0.001391722
2016-04-06,1442128.05,-0.002774627
2016-04-07,1442344.38,0.000150007
2016-04-08,1438324.14,-0.002787296
2016-04-09,1425166.36,-0.009147994
2016-04-10,1412825.02,-0.008659579
2016-04-11,1400796.32,-0.008513935
2016-04-12,1385299.65,-0.011062758
2016-04-13,1366115.07,-0.013848686
2016-04-14,1355716.53,-0.00761176
2016-04-15,1350443.97,-0.003889132
2016-04-16,1346715.94,-0.002760596
2016-04-17,1347214.45,0.000370167
2016-04-18,1348417.56,0.000893035
2016-04-19,1348834.05,0.000308873
2016-04-20,1346534.07,-0.001705162
2016-04-21,1351337.04,0.003566913
2016-04-22,1355267,0.002908201
2016-04-23,1363827.78,0.006316674
2016-04-24,1367524.34,0.00271043
2016-04-25,1375326.62,0.005705405
2016-04-26,1374298.3,-0.000747691
2016-04-27,1372283.31,-0.001466196
2016-04-28,1369611.82,-0.001946748
2016-04-29,1363826.94,-0.004223737
2016-04-30,1348833.64,-0.01099355
2016-05-01,1334902.67,-0.01032816
2016-05-02,1327452.65,-0.005580946
2016-05-03,1316573.99,-0.00819514
2016-05-04,1313394.5,-0.002414973
2016-05-05,1310556.17,-0.002161064
2016-05-06,1308056.2,-0.001907564
2016-05-07,1306602.76,-0.001111145
2016-05-08,1306666.51,4.88E-05
2016-05-09,1308929.67,0.00173201
2016-05-10,1315097.12,0.004711827
2016-05-11,1321821.43,0.005113166
2016-05-12,1328450.61,0.005015186
2016-05-13,1337298.95,0.006660647
2016-05-14,1344226.41,0.005180188
2016-05-15,1355502.85,0.008388795
2016-05-16,1375133.57,0.014482242
2016-05-17,1389855.4,0.010705745
2016-05-18,1406470.79,0.011954762
2016-05-19,1425676.58,0.013655307
2016-05-20,1444423.74,0.013149658
2016-05-21,1455253.67,0.007497751
2016-05-22,1461035.48,0.00397306
2016-05-23,1460910.26,-8.57E-05
2016-05-24,1450917.74,-0.006839927
2016-05-25,1436073.89,-0.010230663
2016-05-26,1429619.66,-0.004494358
2016-05-27,1430527.76,0.000635204
2016-05-28,1431367.2,0.000586804
2016-05-29,1430724.59,-0.000448948
2016-05-30,1432709.77,0.001387535
2016-05-31,1427587.72,-0.003575079
2016-06-01,1423977.78,-0.002528699
2016-06-02,1423366.15,-0.000429522
2016-06-03,1427958.7,0.003226542
2016-06-04,1433992.31,0.004225339
2016-06-05,1440222.98,0.004344981
2016-06-06,1440840.74,0.000428934
2016-06-07,1440534.22,-0.000212737
2016-06-08,1437380.52,-0.002189257
2016-06-09,1431855.62,-0.003843728
2016-06-10,1424517.18,-0.005125126
2016-06-11,1419638.7,-0.003424655
2016-06-12,1409660.06,-0.007029
2016-06-13,1400556.02,-0.006458323
2016-06-14,1387658.56,-0.009208814
2016-06-15,1374645.91,-0.009377415
2016-06-16,1365743.09,-0.006476446
2016-06-17,1363158.63,-0.001892347
2016-06-18,1363084.02,-5.47E-05
2016-06-19,1362806.04,-0.000203935
2016-06-20,1361837.46,-0.000710725
2016-06-21,1351271.55,-0.007758569
2016-06-22,1335972.16,-0.011322217
2016-06-23,1317821.73,-0.013585934
2016-06-24,1307763.53,-0.007632444
2016-06-25,1302696.36,-0.003874684
2016-06-26,1297545.33,-0.003954129
2016-06-27,1298209.04,0.000511512
2016-06-28,1304528.36,0.004867721
2016-06-29,1304960.67,0.000331392
2016-06-30,1299753.62,-0.003990197
2016-07-01,1304339.23,0.003528061
2016-07-02,1304378.92,3.04E-05
2016-07-03,1297477.95,-0.005290618
2016-07-04,1294759.5,-0.00209518
2016-07-05,1295427.36,0.000515818
2016-07-06,1290309.86,-0.003950434
2016-07-07,1282223.74,-0.006266805
2016-07-08,1281557.09,-0.000519917
2016-07-09,1277024.32,-0.003536924
2016-07-10,1272725.96,-0.003365919
2016-07-11,1271268.79,-0.00114492
2016-07-12,1275129.8,0.003037131
2016-07-13,1270772.66,-0.003417017
2016-07-14,1265671.15,-0.004014495
2016-07-15,1263288.96,-0.001882156
2016-07-16,1256763.12,-0.005165754
2016-07-17,1246292.9,-0.008331101
2016-07-18,1236676.66,-0.007715875
2016-07-19,1231363.19,-0.004296572
2016-07-20,1220733.34,-0.008632587
2016-07-21,1213769.93,-0.005704284
2016-07-22,1212646.65,-0.000925447
2016-07-23,1216709.35,0.003350275
2016-07-24,1215268.12,-0.001184531
2016-07-25,1213970.46,-0.001067797
2016-07-26,1207311.2,-0.005485521
2016-07-27,1201018.6,-0.005212078
2016-07-28,1193929.08,-0.005902923
2016-07-29,1189669.4,-0.003567783
2016-07-30,1186068.03,-0.003027202
2016-07-31,1188014.84,0.001641398
2016-08-01,1189623.23,0.001353847
2016-08-02,1189566.76,-4.75E-05
2016-08-03,1188424.75,-0.000960022
2016-08-04,1187051.72,-0.001155336
2016-08-05,1184314.82,-0.002305628
2016-08-06,1183424.96,-0.000751371
2016-08-07,1179743.33,-0.003110996
2016-08-08,1180975.04,0.001044049
2016-08-09,1182616.67,0.001390063
2016-08-10,1181776.61,-0.00071034
2016-08-11,1176622.72,-0.004361137
2016-08-12,1176388.59,-0.000198985
2016-08-13,1172534.49,-0.003276213
2016-08-14,1167660.02,-0.004157208
2016-08-15,1163783.63,-0.003319793
2016-08-16,1163801.52,1.54E-05
2016-08-17,1164016.8,0.00018498
2016-08-18,1162365.27,-0.00141882
2016-08-19,1166065.46,0.003183328
2016-08-20,1168544.13,0.00212567
2016-08-21,1170296.28,0.00149943
2016-08-22,1170812.1,0.00044076
2016-08-23,1174597.68,0.003233294
2016-08-24,1179028.03,0.003771802
2016-08-25,1184935.2,0.005010203
2016-08-26,1190829.95,0.004974745
2016-08-27,1192474.38,0.001380911
2016-08-28,1188818.77,-0.003065567
2016-08-29,1183118.48,-0.004794919
2016-08-30,1182248.66,-0.000735193
2016-08-31,1178681.65,-0.00301714
2016-09-01,1183582.55,0.004157951
2016-09-02,1193118.89,0.008057182
2016-09-03,1202162.86,0.007580108
2016-09-04,1207684.85,0.004593379
2016-09-05,1214793.05,0.005885807
2016-09-06,1217407.89,0.002152498
2016-09-07,1216496.96,-0.000748254
2016-09-08,1211805.95,-0.003856163
2016-09-09,1207905.67,-0.003218568
2016-09-10,1200748.16,-0.005925554
2016-09-11,1191161.94,-0.007983539
2016-09-12,1181431.51,-0.008168856
2016-09-13,1176351.47,-0.004299902
2016-09-14,1171880.35,-0.003800837
2016-09-15,1172678.13,0.000680769
2016-09-16,1178850.55,0.005263524
2016-09-17,1187595.79,0.007418447
2016-09-18,1190873.29,0.002759777
2016-09-19,1188161.19,-0.002277404
2016-09-20,1182555.25,-0.004718165
2016-09-21,1170591.66,-0.010116728
2016-09-22,1159167.37,-0.009759415
2016-09-23,1156527.6,-0.002277298
2016-09-24,1158937.39,0.002083642
2016-09-25,1160314.49,0.001188244
2016-09-26,1166004.42,0.004903783
2016-09-27,1173707.16,0.006606098
2016-09-28,1176410.87,0.002303564
2016-09-29,1178426.24,0.001713151
2016-09-30,1183918.77,0.004660903
2016-10-01,1187715.91,0.003207264
2016-10-02,1194071.67,0.005351246
2016-10-03,1199929.62,0.004905861
2016-10-04,1205693.23,0.00480329
2016-10-05,1203517.71,-0.001804373
2016-10-06,1205541.25,0.001681355
2016-10-07,1202100.08,-0.002854461
2016-10-08,1198010.04,-0.003402412
2016-10-09,1196937.43,-0.000895326
2016-10-10,1196820.16,-9.80E-05
2016-10-11,1194787.57,-0.001698325
2016-10-12,1191939.11,-0.002384072
2016-10-13,1194364.16,0.002034542
2016-10-14,1192359.88,-0.001678115
2016-10-15,1196212.16,0.003230803
2016-10-16,1200776.26,0.00381546
2016-10-17,1202827.47,0.001708237
2016-10-18,1197388.98,-0.004521422
2016-10-19,1194782.61,-0.002176711
2016-10-20,1190134.34,-0.003890473
2016-10-21,1184552.65,-0.004689966
2016-10-22,1183747.79,-0.000679463
2016-10-23,1184073.51,0.00027516
2016-10-24,1183657.34,-0.000351473
2016-10-25,1180279.98,-0.002853326
2016-10-26,1172336.45,-0.006730208
2016-10-27,1161222.48,-0.009480188
2016-10-28,1150294.43,-0.009410815
2016-10-29,1136524.93,-0.011970414
2016-10-30,1129050.68,-0.006576407
2016-10-31,1127395.98,-0.001465568
2016-11-01,1128074.3,0.00060167
2016-11-02,1132834.46,0.004219722
2016-11-03,1140744.21,0.006982265
2016-11-04,1144517.22,0.003307499
2016-11-05,1143113.85,-0.001226168
2016-11-06,1142459.44,-0.00057248
2016-11-07,1136288.13,-0.005401776
2016-11-08,1130564.66,-0.005036988
2016-11-09,1123328.22,-0.006400731
2016-11-10,1119930.47,-0.003024717
2016-11-11,1120254.98,0.000289759
2016-11-12,1128262.81,0.007148221
2016-11-13,1131268.5,0.002663998
2016-11-14,1133307.46,0.001802366
2016-11-15,1134035.29,0.000642218
2016-11-16,1131064.41,-0.002619742
2016-11-17,1125708.55,-0.004735239
2016-11-18,1124090.26,-0.001437575
2016-11-19,1126550.94,0.002189041
2016-11-20,1130608.93,0.003602136
2016-11-21,1134515.07,0.003454899
2016-11-22,1134189.29,-0.000287154
2016-11-23,1132296.72,-0.001668654
2016-11-24,1129161.48,-0.002768921
2016-11-25,1121658.84,-0.006644435
2016-11-26,1113432.31,-0.007334253
2016-11-27,1105238.69,-0.007358885
2016-11-28,1098535.11,-0.006065278
2016-11-29,1090446.97,-0.00736266
2016-11-30,1086419.89,-0.003693054
2016-12-01,1085047.1,-0.001263591
2016-12-02,1090938.97,0.005430059
2016-12-03,1096511.31,0.005107838
2016-12-04,1099901.69,0.00309197
2016-12-05,1099820.08,-7.42E-05
2016-12-06,1096720.45,-0.002818306
2016-12-07,1089794.44,-0.006315201
2016-12-08,1084484.76,-0.004872185
2016-12-09,1081015.18,-0.003199289
2016-12-10,1080600.85,-0.000383279
2016-12-11,1082632.24,0.001879871
2016-12-12,1087710.02,0.004690217
2016-12-13,1093203.69,0.005050675
2016-12-14,1103885.89,0.009771464
2016-12-15,1110353.13,0.005858613
2016-12-16,1111822.79,0.001323597
2016-12-17,1107887.5,-0.003539494
2016-12-18,1105317.12,-0.002320073
2016-12-19,1100994.01,-0.003911194
2016-12-20,1103716.97,0.002473183
2016-12-21,1111221.92,0.006799705
2016-12-22,1123722.11,0.011249049
2016-12-23,1134890.16,0.009938445
2016-12-24,1141073.96,0.005448809
2016-12-25,1143072.47,0.001751429
2016-12-26,1146169.29,0.002709207
2016-12-27,1143500.04,-0.002328844
2016-12-28,1141166.17,-0.002040988
2016-12-29,1138227.78,-0.002574901
2016-12-30,1134805.04,-0.003007078
2016-12-31,1126629.54,-0.007204321
2017-01-01,1121030.16,-0.004970028
2017-01-02,1116307.2,-0.004213053
2017-01-03,1118500.65,0.001964916
2017-01-04,1121273.42,0.002479006
2017-01-05,1122532.4,0.001122813
2017-01-06,1126072.37,0.003153557
2017-01-07,1124329.01,-0.001548178
2017-01-08,1122711.26,-0.001438858
2017-01-09,1117912.45,-0.004274305
2017-01-10,1121018,0.00277799
2017-01-11,1125043.5,0.003590933
2017-01-12,1128901.57,0.003429263
2017-01-13,1131346.23,0.002165521
2017-01-14,1134910.95,0.003150866
2017-01-15,1132182.1,-0.002404462
2017-01-16,1122342.47,-0.008690855
2017-01-17,1119316,-0.002696566
2017-01-18,1119304.01,-1.07E-05
2017-01-19,1124027.49,0.004220015
2017-01-20,1133486.27,0.008415079
2017-01-21,1145959.69,0.011004474
2017-01-22,1156041.25,0.008797482
2017-01-23,1158237.48,0.001899785
2017-01-24,1159436.21,0.00103496
2017-01-25,1159377.41,-5.07E-05
2017-01-26,1155960.82,-0.002946918
2017-01-27,1149845.97,-0.005289842
2017-01-28,1151118.96,0.001107096
2017-01-29,1152080.98,0.000835726
2017-01-30,1153002.27,0.000799675
2017-01-31,1156088.57,0.002676751
2017-02-01,1164441.86,0.007225476
2017-02-02,1169838.5,0.004634529
2017-02-03,1177978.92,0.006958584
2017-02-04,1180803.23,0.00239759
2017-02-05,1188266.8,0.006320757
2017-02-06,1191864.48,0.00302767
2017-02-07,1198858.47,0.005868108
2017-02-08,1200409.31,0.001293597
2017-02-09,1202635.31,0.001854367
2017-02-10,1204192.4,0.001294732
2017-02-11,1208507.82,0.003583663
2017-02-12,1212664.2,0.003439266
2017-02-13,1220529.9,0.006486297
2017-02-14,1234693.67,0.011604607
2017-02-15,1244068.67,0.007592976
2017-02-16,1254481.59,0.008370052
2017-02-17,1261226,0.005376253
2017-02-18,1267858.13,0.005258479
2017-02-19,1276637.16,0.0069243
2017-02-20,1285039.26,0.006581431
2017-02-21,1288802.3,0.002928346
2017-02-22,1290979.61,0.001689406
2017-02-23,1296187.39,0.004033975
2017-02-24,1299471.68,0.002533808
2017-02-25,1308204.02,0.006719916
2017-02-26,1317718.49,0.007272925
2017-02-27,1324200.81,0.004919351
2017-02-28,1322467.79,-0.001308729
2017-03-01,1313000.77,-0.007158602
2017-03-02,1299202.88,-0.010508669
2017-03-03,1285819.36,-0.010301332
2017-03-04,1273357.61,-0.00969168
2017-03-05,1266167.51,-0.005646568
2017-03-06,1262180.69,-0.00314873
2017-03-07,1258291.9,-0.003081009
2017-03-08,1254755.24,-0.002810683
2017-03-09,1257089.98,0.001860713
2017-03-10,1253732.24,-0.002671042
2017-03-11,1247967.02,-0.004598446
2017-03-12,1247882.27,-6.79E-05
2017-03-13,1247262.46,-0.000496689
2017-03-14,1242741.97,-0.003624329
2017-03-15,1245525.15,0.002239548
2017-03-16,1251938.19,0.005148864
2017-03-17,1259631.95,0.006145479
2017-03-18,1272389.92,0.010128332
2017-03-19,1287778.06,0.012093887
2017-03-20,1295410.92,0.005927155
2017-03-21,1306149.94,0.008290049
2017-03-22,1309529.1,0.002587115
2017-03-23,1305271.12,-0.003251535
2017-03-24,1295800.69,-0.007255527
2017-03-25,1293172.46,-0.002028267
2017-03-26,1286613.85,-0.005071721
2017-03-27,1287011.13,0.00030878
2017-03-28,1291154.79,0.003219599
2017-03-29,1303244.79,0.009363711
2017-03-30,1317709.61,0.011099081
2017-03-31,1334397.79,0.012664535
2017-04-01,1341986.77,0.005687195
2017-04-02,1350716.68,0.006505213
2017-04-03,1355599.19,0.003614755
2017-04-04,1357167.66,0.001157031
2017-04-05,1360979.03,0.002808327
2017-04-06,1371644.85,0.007836873
2017-04-07,1377495.43,0.004265375
2017-04-08,1385588.04,0.005874872
2017-04-09,1390772.02,0.003741357
2017-04-10,1394634.84,0.002777465
2017-04-11,1396932.35,0.001647392
2017-04-12,1397954.76,0.000731897
2017-04-13,1397669.42,-0.000204112
2017-04-14,1394632.85,-0.002172595
2017-04-15,1387742.91,-0.004940325
2017-04-16,1383570.3,-0.00300676
2017-04-17,1379735.89,-0.002771388
2017-04-18,1370093.59,-0.006988511
2017-04-19,1361056.78,-0.006595761
2017-04-20,1353304.83,-0.005695538
2017-04-21,1339862.93,-0.009932648
2017-04-22,1325300.3,-0.010868746
2017-04-23,1313148.83,-0.009168843
2017-04-24,1306286.69,-0.005225714
2017-04-25,1303800.16,-0.00190351
2017-04-26,1302376.58,-0.00109187
2017-04-27,1308389.86,0.004617159
2017-04-28,1312984.49,0.003511667
2017-04-29,1313941.28,0.000728714
2017-04-30,1309227.39,-0.003587596
2017-05-01,1304587.42,-0.003544052
2017-05-02,1292223.1,-0.009477571
2017-05-03,1288151.09,-0.003151166
2017-05-04,1283438.09,-0.003658732
2017-05-05,1280263.55,-0.002473466
2017-05-06,1283787.86,0.0027528
2017-05-07,1286863.48,0.002395738
2017-05-08,1284521.23,-0.001820123
2017-05-09,1285652.29,0.00088053
2017-05-10,1283799.06,-0.001441471
2017-05-11,1278093.73,-0.004444099
2017-05-12,1279364.69,0.000994418
2017-05-13,1277504.96,-0.001453636
2017-05-14,1271920.46,-0.004371412
2017-05-15,1270621.93,-0.001020921
2017-05-16,1265864.03,-0.003744544
2017-05-17,1258236.11,-0.00602586
2017-05-18,1252077.52,-0.004894622
2017-05-19,1250363.82,-0.001368685
2017-05-20,1250815.18,0.000360983
2017-05-21,1249885.25,-0.000743459
2017-05-22,1248400.26,-0.001188101
2017-05-23,1250900.31,0.002002603
2017-05-24,1249660.05,-0.000991494
2017-05-25,1243271.34,-0.005112358
2017-05-26,1235909.85,-0.005921065
2017-05-27,1227266.26,-0.006993706
2017-05-28,1215732.01,-0.009398327
2017-05-29,1203308.3,-0.010219119
2017-05-30,1189338.22,-0.011609726
2017-05-31,1175231.24,-0.011861201
2017-06-01,1163608.45,-0.00988979
2017-06-02,1157597.69,-0.005165621
2017-06-03,1156560.38,-0.000896089
2017-06-04,1158044.68,0.001283374
2017-06-05,1166190.51,0.007034124
2017-06-06,1172275.11,0.005217501
2017-06-07,1169551.81,-0.00232309
2017-06-08,1163457.47,-0.005210834
2017-06-09,1158316.16,-0.004418993
2017-06-10,1151677.95,-0.005730914
2017-06-11,1143115.51,-0.007434752
2017-06-12,1138805.59,-0.003770328
2017-06-13,1135465.27,-0.002933178
2017-06-14,1129566.09,-0.005195386
2017-06-15,1118855.57,-0.009481977
2017-06-16,1114601.49,-0.003802171
2017-06-17,1111335.09,-0.002930554
2017-06-18,1110095.58,-0.001115334
2017-06-19,1108161.77,-0.001742021
2017-06-20,1109727.13,0.001412574
2017-06-21,1107715.54,-0.001812689
2017-06-22,1108612.22,0.000809486
2017-06-23,1103897.43,-0.004252876
2017-06-24,1104875.65,0.000886151
2017-06-25,1106558.83,0.001523411
2017-06-26,1108165.85,0.001452268
2017-06-27,1106862.7,-0.001175952
2017-06-28,1105403.2,-0.001318592
2017-06-29,1104481.38,-0.000833922
2017-06-30,1101840.46,-0.002391095
2017-07-01,1105060.95,0.002922828
2017-07-02,1111099.51,0.005464459
2017-07-03,1120135.16,0.00813217
2017-07-04,1124376.36,0.003786329
2017-07-05,1128430.18,0.003605394
2017-07-06,1131977.22,0.00314334
2017-07-07,1133918.92,0.001715317
2017-07-08,1138160.93,0.003741017
2017-07-09,1147165.69,0.007911676
2017-07-10,1158791.76,0.010134604
2017-07-11,1168616.95,0.008478823
2017-07-12,1173567.01,0.004235828
2017-07-13,1174341.12,0.000659621
2017-07-14,1176239.27,0.001616353
2017-07-15,1178054.33,0.001543104
2017-07-16,1180747.59,0.002286193
2017-07-17,1190914.71,0.008610748
2017-07-18,1206005.47,0.012671571
2017-07-19,1217999.88,0.009945568
2017-07-20,1229950.79,0.009811914
2017-07-21,1235473.31,0.004490033
2017-07-22,1232835.52,-0.002135044
2017-07-23,1225740.58,-0.005754977
2017-07-24,1218993.18,-0.005504754
2017-07-25,1210832.25,-0.006694812
2017-07-26,1202884.1,-0.006564204
2017-07-27,1197936.76,-0.004112898
2017-07-28,1198754.42,0.000682557
2017-07-29,1195167.54,-0.002992172
2017-07-30,1192942.35,-0.001861823
2017-07-31,1194113.33,0.00098159
2017-08-01,1198383.83,0.003576294
2017-08-02,1194493.05,-0.003246689
2017-08-03,1192978.19,-0.001268203
2017-08-04,1190046.73,-0.002457262
2017-08-05,1183095.31,-0.0058413
2017-08-06,1169884.66,-0.011166176
2017-08-07,1164862.63,-0.004292757
2017-08-08,1164402.07,-0.000395377
2017-08-09,1163830.87,-0.000490552
2017-08-10,1165195.24,0.00117231
2017-08-11,1170999.68,0.004981517
2017-08-12,1178017.47,0.005992991
2017-08-13,1177188.13,-0.000704013
2017-08-14,1177942.56,0.000640875
2017-08-15,1183460.59,0.004684464
2017-08-16,1184569.43,0.000936947
2017-08-17,1183531.5,-0.000876209
2017-08-18,1190100.57,0.005550397
2017-08-19,1199024.59,0.007498543
2017-08-20,1207784.3,0.007305697
2017-08-21,1222895.33,0.012511365
2017-08-22,1230757.24,0.006428931
2017-08-23,1231714.44,0.000777733
2017-08-24,1234518.59,0.002276623
2017-08-25,1238293.88,0.003058107
2017-08-26,1240173.12,0.001517604
2017-08-27,1249222.21,0.007296635
2017-08-28,1257181.69,0.006371549
2017-08-29,1260348.81,0.002519222
2017-08-30,1261656.3,0.001037403
2017-08-31,1259696.87,-0.001553062
2017-09-01,1254157.33,-0.004397518
2017-09-02,1253810.15,-0.000276823
2017-09-03,1256518.97,0.002160471
2017-09-04,1259950.47,0.002730958
2017-09-05,1269259.89,0.007388719
2017-09-06,1282356.63,0.010318407
2017-09-07,1298220.54,0.012370903
2017-09-08,1308765.62,0.008122719
2017-09-09,1318363.33,0.007333406
2017-09-10,1327829.24,0.007180046
2017-09-11,1334884.38,0.005313289
2017-09-12,1342658.46,0.005823785
2017-09-13,1350961.74,0.006184209
2017-09-14,1353152.79,0.001621845
2017-09-15,1348869.13,-0.003165688
2017-09-16,1341464.74,-0.005489332
2017-09-17,1331756.95,-0.007236709
2017-09-18,1320580.52,-0.008392245
2017-09-19,1318076.57,-0.001896098
2017-09-20,1318801.32,0.000549854
2017-09-21,1323933.51,0.003891557
2017-09-22,1328469.37,0.003426048
2017-09-23,1340840.48,0.009312304
2017-09-24,1347623.37,0.005058685
2017-09-25,1349113.56,0.001105791
2017-09-26,1351448.31,0.001730581
2017-09-27,1349863.44,-0.00117272
2017-09-28,1348033.94,-0.001355322
2017-09-29,1348552.94,0.000385005
2017-09-30,1357882.83,0.006918445
2017-10-01,1365454.54,0.005576114
2017-10-02,1378499.68,0.009553698
2017-10-03,1390103.53,0.008417739
2017-10-04,1400396.04,0.007404132
2017-10-05,1402211.5,0.00129639
2017-10-06,1403670.09,0.001040207
2017-10-07,1399733.5,-0.002804498
2017-10-08,1392192.93,-0.005387147
2017-10-09,1389802.14,-0.001717284
2017-10-10,1387769.24,-0.001462726
2017-10-11,1384807.06,-0.00213449
2017-10-12,1384928.43,8.76E-05
2017-10-13,1384215.82,-0.000514546
2017-10-14,1380458.91,-0.002714107
2017-10-15,1379732.84,-0.000525963
2017-10-16,1378793.41,-0.000680878
2017-10-17,1377443.65,-0.000978943
2017-10-18,1381189.54,0.002719451
2017-10-19,1378427.15,-0.002000008
2017-10-20,1380108.32,0.001219629
2017-10-21,1380110.17,1.34E-06
2017-10-22,1376077.81,-0.002921767
2017-10-23,1369911.82,-0.004480844
2017-10-24,1370088.91,0.000129271
2017-10-25,1363464.32,-0.004835153
2017-10-26,1360384.61,-0.002258739
2017-10-27,1358412.65,-0.001449561
2017-10-28,1351245.34,-0.005276239
2017-10-29,1346709.13,-0.003357059
2017-10-30,1344134.44,-0.001911838
2017-10-31,1339547.74,-0.003412382
2017-11-01,1340633.89,0.000810833
2017-11-02,1349419.07,0.006553005
2017-11-03,1357638.28,0.006090925
2017-11-04,1363406.2,0.004248495
2017-11-05,1365045,0.00120199
2017-11-06,1361884.92,-0.002315001
2017-11-07,1349924.26,-0.008782431
2017-11-08,1337872.02,-0.008928086
2017-11-09,1327168.31,-0.008000549
2017-11-10,1325310.97,-0.001399476
2017-11-11,1328430.64,0.002353915
2017-11-12,1339620.06,0.008423037
2017-11-13,1342964.85,0.00249682
2017-11-14,1351613,0.006439595
2017-11-15,1359717.72,0.005996332
2017-11-16,1368913.5,0.006763007
2017-11-17,1378636.42,0.007102655
2017-11-18,1398232.14,0.014213842
2017-11-19,1419647.68,0.015316155
2017-11-20,1438619.28,0.013363597
2017-11-21,1450164.54,0.008025237
2017-11-22,1456086.52,0.004083661
2017-11-23,1454862.14,-0.00084087
2017-11-24,1453126.06,-0.001193295
2017-11-25,1449104.57,-0.002767475
2017-11-26,1446577.38,-0.001743967
2017-11-27,1451340.47,0.003292662
2017-11-28,1457566.64,0.004289944
2017-11-29,1457388.91,-0.000121936
2017-11-30,1463933.76,0.004490805
2017-12-01,1477337.86,0.00915622
2017-12-02,1487243.28,0.006704912
2017-12-03,1498958.68,0.007877259
2017-12-04,1514140.76,0.010128418
2017-12-05,1521564.63,0.004903025
2017-12-06,1518646.26,-0.001918006
2017-12-07,1515488.4,-0.002079391
2017-12-08,1507074.38,-0.005552019
2017-12-09,1497108.1,-0.006612998
2017-12-10,1488658.35,-0.005644048
2017-12-11,1488293.84,-0.000244858
2017-12-12,1482808.62,-0.003685576
2017-12-13,1483023.4,0.000144847
2017-12-14,1489881.16,0.004624175
2017-12-15,1495498.2,0.003770126
2017-12-16,1499254.06,0.002511444
2017-12-17,1508802.01,0.006368467
2017-12-18,1518116.6,0.006173501
2017-12-19,1520628.02,0.0016543
2017-12-20,1526596.39,0.003924938
2017-12-21,1527912.33,0.000862009
2017-12-22,1526618.98,-0.000846482
2017-12-23,1518446.98,-0.005353006
2017-12-24,1514748.48,-0.002435712
2017-12-25,1506625.26,-0.005362752
2017-12-26,1500465.04,-0.004088754
2017-12-27,1489368.71,-0.007395261
2017-12-28,1477835.65,-0.00774359
2017-12-29,1461086.85,-0.011333331
2017-12-30,1448415.33,-0.008672667
2017-12-31,1441598.16,-0.00470664
2018-01-01,1442354.77,0.000524841
2018-01-02,1446404.03,0.002807395
2018-01-03,1448847.75,0.001689514
2018-01-04,1449887.17,0.000717411
2018-01-05,1448723.27,-0.000802752
2018-01-06,1440328.47,-0.005794619
2018-01-07,1435686.27,-0.003223015
2018-01-08,1436571.77,0.000616778
2018-01-09,1435252.37,-0.000918437
2018-01-10,1435796.24,0.000378937
2018-01-11,1437201.5,0.000978732
2018-01-12,1434370.83,-0.001969571
2018-01-13,1428434.31,-0.004138762
2018-01-14,1428076.76,-0.000250309
2018-01-15,1427096.94,-0.000686112
2018-01-16,1425788.25,-0.00091703
2018-01-17,1431657.51,0.004116502
2018-01-18,1441899.59,0.007154002
2018-01-19,1450483.55,0.00595323
2018-01-20,1450140.57,-0.000236459
2018-01-21,1459645.88,0.006554751
2018-01-22,1464223.34,0.003136007
2018-01-23,1465156.82,0.000637526
2018-01-24,1461614.89,-0.002417441
2018-01-25,1458508.75,-0.002125143
2018-01-26,1455299.85,-0.002200124
2018-01-27,1447272.95,-0.005515633
2018-01-28,1439761.53,-0.005190051
2018-01-29,1436961.47,-0.001944808
2018-01-30,1442754.44,0.004031402
2018-01-31,1441124.69,-0.00112961
2018-02-01,1439661.18,-0.001015533
2018-02-02,1432217.87,-0.005170182
2018-02-03,1425650.87,-0.004585196
2018-02-04,1413171.19,-0.008753672
2018-02-05,1405402.46,-0.005497374
2018-02-06,1407218.33,0.001292064
2018-02-07,1418853.79,0.008268411
2018-02-08,1427461.29,0.006066517
2018-02-09,1443644.22,0.011336861
2018-02-10,1451743.69,0.005610434
2018-02-11,1454892.53,0.002169005
2018-02-12,1448793.76,-0.004191904
2018-02-13,1448139.87,-0.000451334
2018-02-14,1444235.11,-0.002696397
2018-02-15,1447041,0.001942821
2018-02-16,1454531.9,0.005176702
2018-02-17,1464210.11,0.006653831
2018-02-18,1473007.44,0.006008243
2018-02-19,1477430.75,0.003002911
2018-02-20,1479191.74,0.001191927
2018-02-21,1472566.67,-0.004478845
2018-02-22,1470650.67,-0.00130113
2018-02-23,1466344.22,-0.002928262
2018-02-24,1468763.58,0.001649926
2018-02-25,1475332.08,0.004472129
2018-02-26,1487775.89,0.008434582
2018-02-27,1494543.7,0.004548945
2018-02-28,1504963.14,0.006971653
2018-03-01,1509715.8,0.003157991
2018-03-02,1509450.16,-0.000175954
2018-03-03,1505358.73,-0.002710543
2018-03-04,1506172.08,0.000540303
2018-03-05,1503842.14,-0.001546928
2018-03-06,1503184.62,-0.000437227
2018-03-07,1510004.3,0.004536821
2018-03-08,1522459.87,0.008248698
2018-03-09,1531724.56,0.006085343
2018-03-10,1543801.46,0.007884512
2018-03-11,1560372.58,0.010733971
2018-03-12,1572170.38,0.007560887
2018-03-13,1577576.67,0.003438743
2018-03-14,1579879.93,0.001459999
2018-03-15,1571999.46,-0.004988018
2018-03-16,1564891.95,-0.004521318
2018-03-17,1552799.29,-0.007727473
2018-03-18,1546596.48,-0.003994599
2018-03-19,1548778.44,0.001410814
2018-03-20,1554611.5,0.003766233
2018-03-21,1549183.58,-0.003491496
2018-03-22,1548408.71,-0.00050018
2018-03-23,1549807.75,0.000903534
2018-03-24,1552980.71,0.002047325
2018-03-25,1552578.68,-0.000258876
2018-03-26,1560684.04,0.005220579
2018-03-27,1568150.58,0.004784146
2018-03-28,1572670.57,0.00288237
2018-03-29,1572455.62,-0.000136678
2018-03-30,1572951.67,0.000315462
2018-03-31,1567098.01,-0.003721449
2018-04-01,1557425.79,-0.006172058
2018-04-02,1550352.52,-0.004541642
2018-04-03,1538602.69,-0.007578812
2018-04-04,1527741.82,-0.007058918
2018-04-05,1514368.81,-0.008753449
2018-04-06,1505410.53,-0.005915521
2018-04-07,1489224.22,-0.01075209
2018-04-08,1478830.4,-0.006979352
2018-04-09,1471090.49,-0.005233805
2018-04-10,1468244.42,-0.001934667
2018-04-11,1463321.26,-0.003353093
2018-04-12,1462183.6,-0.000777451
2018-04-13,1456694.05,-0.003754351
2018-04-14,1449212.58,-0.005135924
2018-04-15,1439591.93,-0.006638536
2018-04-16,1427579.46,-0.008344358
2018-04-17,1419575.51,-0.005606658
2018-04-18,1410030.65,-0.006723742
2018-04-19,1407455.27,-0.001826471
2018-04-20,1408558.16,0.000783606
2018-04-21,1419180.1,0.007541002
2018-04-22,1420450.91,0.000895454
2018-04-23,1422310.36,0.001309056
2018-04-24,1420585.14,-0.00121297
2018-04-25,1421194.7,0.000429091
2018-04-26,1422060.54,0.000609234
2018-04-27,1423072.68,0.000711742
2018-04-28,1425988.93,0.002049263
2018-04-29,1427110.18,0.000786296
2018-04-30,1424004.27,-0.002176363
2018-05-01,1417387.68,-0.004646468
2018-05-02,1412840.96,-0.003207817
2018-05-03,1410411.64,-0.001719458
2018-05-04,1405130.85,-0.003744148
2018-05-05,1406108.3,0.000695629
2018-05-06,1405765.06,-0.000244106
2018-05-07,1409710.29,0.002806465
2018-05-08,1415035.76,0.003777705
2018-05-09,1429346.26,0.010113172
2018-05-10,1433502.41,0.002907728
2018-05-11,1439803.46,0.004395563
2018-05-12,1443397.26,0.002496035
2018-05-13,1444708.36,0.000908343
2018-05-14,1442367.6,-0.00162023
2018-05-15,1445347.9,0.002066256
2018-05-16,1450292.11,0.003420775
2018-05-17,1453152.01,0.001971948
2018-05-18,1452679.51,-0.000325155
2018-05-19,1452287.08,-0.000270142
2018-05-20,1455474.14,0.002194511
2018-05-21,1450185.24,-0.003633799
2018-05-22,1442011.75,-0.00563617
2018-05-23,1442691.98,0.000471723
2018-05-24,1438868.01,-0.00265058
2018-05-25,1435475.6,-0.002357694
2018-05-26,1431504.51,-0.002766393
2018-05-27,1433286.49,0.00124483
2018-05-28,1425809.49,-0.005216682
2018-05-29,1427038.36,0.000861875
2018-05-30,1426861.14,-0.000124187
2018-05-31,1425317.81,-0.001081626
2018-06-01,1419334.26,-0.004198046
2018-06-02,1420383.12,0.00073898
2018-06-03,1416363.69,-0.002829821
2018-06-04,1414673.49,-0.001193338
2018-06-05,1420591.16,0.004183064
2018-06-06,1429446.22,0.006233363
2018-06-07,1436235.83,0.004749818
2018-06-08,1443334.25,0.004942378
2018-06-09,1444341.75,0.000698037
2018-06-10,1437870.44,-0.004480456
2018-06-11,1437369.06,-0.000348696
2018-06-12,1435316.38,-0.001428081
2018-06-13,1433963.63,-0.000942475
2018-06-14,1432460.67,-0.001048116
2018-06-15,1435682.3,0.002249018
2018-06-16,1436779.51,0.000764243
2018-06-17,1437780.93,0.000696989
2018-06-18,1443132.16,0.003721867
2018-06-19,1445324.49,0.001519147
2018-06-20,1450908.84,0.003863734
2018-06-21,1453179.22,0.001564799
2018-06-22,1455314.69,0.001469516
2018-06-23,1455714.19,0.000274511
2018-06-24,1463759.82,0.00552693
2018-06-25,1463655.1,-7.15E-05
2018-06-26,1464839.25,0.000809036
2018-06-27,1469878.06,0.003439838
2018-06-28,1472671.64,0.001900552
2018-06-29,1470874.02,-0.001220652
2018-06-30,1470560.78,-0.000212962
2018-07-01,1469640.05,-0.000626108
2018-07-02,1467150.92,-0.0016937
2018-07-03,1463041.73,-0.002800796
2018-07-04,1463687.38,0.000441307
2018-07-05,1472839.3,0.006252647
2018-07-06,1484618.95,0.007997919
2018-07-07,1490822.18,0.004178331
2018-07-08,1493584.82,0.001853098
2018-07-09,1493966.44,0.000255506
2018-07-10,1491596.04,-0.001586649
2018-07-11,1484742.46,-0.004594796
2018-07-12,1477845.62,-0.004645142
2018-07-13,1469699.13,-0.005512409
2018-07-14,1461829.83,-0.005354361
2018-07-15,1450150.69,-0.007989398
2018-07-16,1436732.09,-0.009253245
2018-07-17,1431921.02,-0.00334862
2018-07-18,1435360.27,0.002401843
2018-07-19,1441121.32,0.004013661
2018-07-20,1447476.58,0.004409941
2018-07-21,1461563.39,0.009731978
2018-07-22,1471181.46,0.006580672
2018-07-23,1479225.85,0.005467979
2018-07-24,1488892.84,0.006535168
2018-07-25,1495255.41,0.004273357
2018-07-26,1498859.87,0.002410598
2018-07-27,1500159.62,0.000867159
2018-07-28,1498509.29,-0.001100103
2018-07-29,1488544.96,-0.006649495
2018-07-30,1479165.47,-0.006301113
2018-07-31,1464650.53,-0.009812925
2018-08-01,1455501.63,-0.006246473
2018-08-02,1444444.58,-0.007596728
2018-08-03,1435631.67,-0.006101245
2018-08-04,1427522.85,-0.005648259
2018-08-05,1418811.69,-0.006102291
2018-08-06,1412819.47,-0.004223408
2018-08-07,1405583.5,-0.005121652
2018-08-08,1399318.96,-0.004456896
2018-08-09,1401748.58,0.001736287
2018-08-10,1413866.77,0.008645052
2018-08-11,1426877.84,0.009202472
2018-08-12,1440917.17,0.009839195
2018-08-13,1449135.13,0.005703284
2018-08-14,1449417.45,0.00019482
2018-08-15,1449317.71,-6.88E-05
2018-08-16,1441435.4,-0.005438635
2018-08-17,1431902.44,-0.006613519
2018-08-18,1433371.15,0.001025705
2018-08-19,1439230.13,0.004087553
2018-08-20,1443510.82,0.002974292
2018-08-21,1448223.17,0.003264506
2018-08-22,1458782.8,0.007291438
2018-08-23,1467766.58,0.006158408
2018-08-24,1478282.34,0.007164463
2018-08-25,1480723.69,0.001651477
2018-08-26,1487173.08,0.004355566
2018-08-27,1497536.72,0.006968685
2018-08-28,1503983.06,0.004304629
2018-08-29,1506885.49,0.001929829
2018-08-30,1515932.3,0.006003648
2018-08-31,1516942.37,0.000666303
2018-09-01,1507548.7,-0.006192503
2018-09-02,1498532.98,-0.005980384
2018-09-03,1488728.28,-0.006542866
2018-09-04,1477081.53,-0.007823288
2018-09-05,1468803.79,-0.005604119
2018-09-06,1469415.99,0.000416802
2018-09-07,1473663.29,0.002890468
2018-09-08,1478198.85,0.003077745
2018-09-09,1481231.8,0.002051788
2018-09-10,1485681.95,0.003004358
2018-09-11,1486513.42,0.000559655
2018-09-12,1485786.94,-0.000488714
2018-09-13,1482393.03,-0.002284251
2018-09-14,1477796.19,-0.003100959
2018-09-15,1473318.45,-0.003030012
2018-09-16,1472389.25,-0.000630685
2018-09-17,1465939.22,-0.004380655
2018-09-18,1460273.51,-0.003864901
2018-09-19,1459174.46,-0.000752633
2018-09-20,1462348.31,0.0021751
2018-09-21,1457412.24,-0.003375441
2018-09-22,1453664.63,-0.002571414
2018-09-23,1457264.39,0.002476335
2018-09-24,1458644.21,0.000946856
2018-09-25,1461549.33,0.001991658
2018-09-26,1469175.99,0.005218202
2018-09-27,1478884.56,0.006608174
2018-09-28,1485141.65,0.004230952
2018-09-29,1491863.73,0.004526221
2018-09-30,1497067.06,0.003487805
2018-10-01,1507271.23,0.006816107
2018-10-02,1522472.25,0.010085126
2018-10-03,1537768.91,0.01004725
2018-10-04,1558950.38,0.013774157
2018-10-05,1575951.06,0.010905209
2018-10-06,1583970.02,0.005088331
2018-10-07,1588835.73,0.003071845
2018-10-08,1596561.26,0.004862384
2018-10-09,1598889.02,0.001457984
2018-10-10,1598521.06,-0.000230135
2018-10-11,1606893.92,0.005237879
2018-10-12,1613529.68,0.004129557
2018-10-13,1611810.82,-0.001065279
2018-10-14,1605166.37,-0.004122351
2018-10-15,1606226.27,0.000660305
2018-10-16,1608036.06,0.001126734
2018-10-17,1614519.39,0.004031831
2018-10-18,1630320.64,0.009786968
2018-10-19,1645424.79,0.009264527
2018-10-20,1652480.46,0.004288054
2018-10-21,1656428.9,0.002389402
2018-10-22,1649518.94,-0.004171601
2018-10-23,1631612.27,-0.010855692
2018-10-24,1615338.05,-0.009974318
2018-10-25,1604143.18,-0.006930357
2018-10-26,1586392.41,-0.011065577
2018-10-27,1568085.83,-0.011539755
2018-10-28,1556602.96,-0.007322858
2018-10-29,1552540.59,-0.002609766
2018-10-30,1544962.21,-0.004881277
2018-10-31,1542559.32,-0.001555307
2018-11-01,1547644.28,0.003296444
2018-11-02,1546698.4,-0.000611174
2018-11-03,1538833.31,-0.005085083
2018-11-04,1531293.01,-0.004900011
2018-11-05,1527298.72,-0.002608443
2018-11-06,1517280.21,-0.006559627
2018-11-07,1510041.93,-0.004770562
2018-11-08,1500850.73,-0.006086718
2018-11-09,1493876.53,-0.004646831
2018-11-10,1482002.7,-0.007948334
2018-11-11,1471524.48,-0.007070311
2018-11-12,1465822.74,-0.003874716
2018-11-13,1466535.7,0.000486389
2018-11-14,1466220.28,-0.000215078
2018-11-15,1465799.84,-0.000286751
2018-11-16,1466742.18,0.000642885
2018-11-17,1470646.44,0.002661858
2018-11-18,1478351.4,0.005239165
2018-11-19,1485425.56,0.004785168
2018-11-20,1493987.93,0.005764254
2018-11-21,1501829.63,0.005248838
2018-11-22,1501694.17,-9.02E-05
2018-11-23,1492282.18,-0.006267581
2018-11-24,1488120.3,-0.002788936
2018-11-25,1485190.11,-0.001969055
2018-11-26,1483760.57,-0.00096253
2018-11-27,1483960.62,0.000134826
2018-11-28,1485792.38,0.001234372
2018-11-29,1482049.05,-0.002519417
2018-11-30,1476685.8,-0.003618807
2018-12-01,1475201.38,-0.001005238
2018-12-02,1473991,-0.000820485
2018-12-03,1471582.58,-0.001633945
2018-12-04,1470381.47,-0.000816203
2018-12-05,1466720.87,-0.002489558
2018-12-06,1462480.3,-0.002891191
2018-12-07,1460085.12,-0.001637752
2018-12-08,1462537.75,0.001679786
2018-12-09,1466727.32,0.002864589
2018-12-10,1473255.58,0.004450902
2018-12-11,1483202.08,0.006751374
2018-12-12,1490209.03,0.004724205
2018-12-13,1498249.92,0.005395813
2018-12-14,1499992.63,0.001163164
2018-12-15,1502241.96,0.001499561
2018-12-16,1501754.17,-0.000324708
2018-12-17,1498757.56,-0.001995406
2018-12-18,1496627.65,-0.001421117
2018-12-19,1496277.61,-0.000233886
2018-12-20,1494069.56,-0.001475695
2018-12-21,1484463.85,-0.006429225
2018-12-22,1475709.78,-0.005897126
2018-12-23,1459574.47,-0.010933932
2018-12-24,1443715.56,-0.010865434
2018-12-25,1428875.42,-0.01027913
2018-12-26,1419902,-0.006280058
2018-12-27,1409420.79,-0.007381643
2018-12-28,1406132.8,-0.002332866
2018-12-29,1406090.17,-3.03E-05
2018-12-30,1410117.43,0.002864155
2018-12-31,1409064.12,-0.000746966
2019-01-01,1410571.21,0.001069568
2019-01-02,1411194.15,0.000441623
2019-01-03,1411839.5,0.000457308
2019-01-04,1403520.5,-0.005892313
2019-01-05,1393702.81,-0.006995046
2019-01-06,1389575.02,-0.002961743
2019-01-07,1379570.41,-0.007199762
2019-01-08,1369853.58,-0.007043374
2019-01-09,1369050.5,-0.000586252
2019-01-10,1371314.34,0.001653584
2019-01-11,1366816.62,-0.003279861
2019-01-12,1368307.95,0.001091097
2019-01-13,1374989.81,0.004883301
2019-01-14,1373664.66,-0.000963753
2019-01-15,1373301.49,-0.00026438
2019-01-16,1381223.03,0.005768245
2019-01-17,1387095.34,0.004251529
2019-01-18,1393307.49,0.004478531
2019-01-19,1406120.31,0.009195974
2019-01-20,1417758.93,0.008277115
2019-01-21,1429575.97,0.008335014
2019-01-22,1440494.73,0.007637761
2019-01-23,1445209.38,0.003272938
2019-01-24,1443483.58,-0.001194152
2019-01-25,1442492.47,-0.00068661
2019-01-26,1436526.84,-0.00413564
2019-01-27,1433907.92,-0.001823092
2019-01-28,1436320.41,0.001682458
2019-01-29,1443426.44,0.004947385
2019-01-30,1453947.19,0.007288733
2019-01-31,1463195.65,0.006360933
2019-02-01,1468525.78,0.003642801
2019-02-02,1471902.91,0.002299674
2019-02-03,1475106.97,0.002176815
2019-02-04,1476497.5,0.000942664
2019-02-05,1479099.15,0.001762042
2019-02-06,1477642.38,-0.000984904
2019-02-07,1472097.57,-0.003752471
2019-02-08,1467664.15,-0.003011635
2019-02-09,1469231.57,0.001067969
2019-02-10,1474926.02,0.003875802
2019-02-11,1481851.16,0.004695246
2019-02-12,1487073.38,0.003524119
2019-02-13,1491608.27,0.00304954
2019-02-14,1487417.43,-0.002809612
2019-02-15,1479293.33,-0.005461883
2019-02-16,1470740.85,-0.005781463
2019-02-17,1463142.44,-0.005166383
2019-02-18,1451966.8,-0.007638108
2019-02-19,1439777.37,-0.008395116
2019-02-20,1429414.17,-0.007197779
2019-02-21,1419179.16,-0.007160283
2019-02-22,1409434.22,-0.006866603
2019-02-23,1404207.75,-0.003708204
2019-02-24,1403065.27,-0.000813612
2019-02-25,1395070.64,-0.005697974
2019-02-26,1386624.6,-0.006054202
2019-02-27,1375287.9,-0.008175753
2019-02-28,1366106.51,-0.006675977
2019-03-01,1354832.56,-0.008252614
2019-03-02,1343268.43,-0.008535468
2019-03-03,1333223.2,-0.0074782
2019-03-04,1326111.93,-0.005333893
2019-03-05,1314758.89,-0.008561148
2019-03-06,1303182.19,-0.008805189
2019-03-07,1293814.78,-0.007188105
2019-03-08,1291586.56,-0.001722209
2019-03-09,1292052.69,0.000360897
2019-03-10,1297289.32,0.004052954
2019-03-11,1306933.92,0.007434425
2019-03-12,1324111.76,0.013143618
2019-03-13,1342330.52,0.013759231
2019-03-14,1361470.31,0.014258627
2019-03-15,1379698.47,0.013388584
2019-03-16,1392489.36,0.009270787
2019-03-17,1398334.31,0.004197483
2019-03-18,1403016.72,0.003348563
2019-03-19,1409020.33,0.004279072
2019-03-20,1409955.28,0.000663546
2019-03-21,1410079.47,8.81E-05
2019-03-22,1413907.11,0.002714485
2019-03-23,1418448.05,0.003211625
2019-03-24,1419260.17,0.000572541
2019-03-25,1423009.19,0.002641531
2019-03-26,1433757.74,0.007553395
2019-03-27,1448296.85,0.010140563
2019-03-28,1462304.86,0.009672057
2019-03-29,1480091.35,0.012163326
2019-03-30,1491195.38,0.00750226
2019-03-31,1503484.74,0.008241281
2019-04-01,1505969.88,0.00165292
2019-04-02,1506418.04,0.000297589
2019-04-03,1501834.67,-0.003042562
2019-04-04,1503491.65,0.001103304
2019-04-05,1500989.24,-0.001664399
2019-04-06,1505547.35,0.003036737
2019-04-07,1503792.68,-0.00116547
2019-04-08,1503937.2,9.61E-05
2019-04-09,1502995.36,-0.00062625
2019-04-10,1499046.83,-0.002627107
2019-04-11,1486809.73,-0.008163254
2019-04-12,1477163.18,-0.006488086
2019-04-13,1472789.83,-0.002960641
2019-04-14,1470717.12,-0.001407336
2019-04-15,1473580.84,0.001947159
2019-04-16,1479293.54,0.003876747
2019-04-17,1486354.56,0.004773238
2019-04-18,1493506.93,0.004812021
2019-04-19,1500467.7,0.004660688
2019-04-20,1502588.59,0.001413486
2019-04-21,1511154.59,0.005700829
2019-04-22,1515416.68,0.00282042
2019-04-23,1515193.06,-0.000147563
2019-04-24,1516222.82,0.000679623
2019-04-25,1517909.36,0.00111233
2019-04-26,1516322.8,-0.001045227
2019-04-27,1516208.79,-7.52E-05
2019-04-28,1509181.17,-0.004634995
2019-04-29,1496511.82,-0.00839485
2019-04-30,1490989.81,-0.003689921
2019-05-01,1483138.07,-0.005266126
2019-05-02,1474568.78,-0.00577781
2019-05-03,1468595.69,-0.004050737
2019-05-04,1471153.55,0.001741705
2019-05-05,1467732.43,-0.002325468
2019-05-06,1468210.72,0.00032587
2019-05-07,1475398.71,0.004895748
2019-05-08,1481522.35,0.004150498
2019-05-09,1479342.27,-0.001471513
2019-05-10,1480548.06,0.000815085
2019-05-11,1482461.64,0.001292481
2019-05-12,1478228.87,-0.002855231
2019-05-13,1472440.33,-0.003915862
2019-05-14,1471026.56,-0.000960154
2019-05-15,1465297.13,-0.003894851
2019-05-16,1451874.92,-0.00916006
2019-05-17,1446726.03,-0.003546373
2019-05-18,1445929.24,-0.000550754
2019-05-19,1446157.67,0.000157981
2019-05-20,1448520.1,0.001633591
2019-05-21,1458024.94,0.006561759
2019-05-22,1460316.72,0.001571839
2019-05-23,1466649.54,0.004336607
2019-05-24,1466598.31,-3.49E-05
2019-05-25,1461826.8,-0.003253454
2019-05-26,1455408.67,-0.004390486
2019-05-27,1455733.22,0.000222996
2019-05-28,1458533.85,0.001923862
2019-05-29,1466817.13,0.005679183
2019-05-30,1479133.37,0.008396575
2019-05-31,1491898.6,0.008630209
2019-06-01,1502004.77,0.006774033
2019-06-02,1505514.14,0.002336457
2019-06-03,1507349.85,0.001219324
2019-06-04,1513454.71,0.004050062
2019-06-05,1522799.28,0.006174331
2019-06-06,1532345.44,0.006268824
2019-06-07,1542063.02,0.006341638
2019-06-08,1552303.8,0.006640961
2019-06-09,1556266.26,0.002552632
2019-06-10,1558022.26,0.001128342
2019-06-11,1553626.12,-0.002821616
2019-06-12,1546831.01,-0.00437371
2019-06-13,1538455.3,-0.005414754
2019-06-14,1532728.88,-0.003722188
2019-06-15,1524957.04,-0.00507059
2019-06-16,1522122.94,-0.001858479
2019-06-17,1529014.85,0.004527827
2019-06-18,1541846.73,0.008392253
2019-06-19,1557624.29,0.010232898
2019-06-20,1570495.96,0.008263655
2019-06-21,1579416.14,0.005679849
2019-06-22,1585927.01,0.004122327
2019-06-23,1581483.69,-0.002801718
2019-06-24,1580048.03,-0.000907793
2019-06-25,1586373.72,0.00400348
2019-06-26,1595237.47,0.005587429
2019-06-27,1597207.5,0.001234945
2019-06-28,1600398.78,0.001998037
2019-06-29,1597493.69,-0.001815229
2019-06-30,1595384.94,-0.001320037
2019-07-01,1594564.07,-0.000514528
2019-07-02,1591774.34,-0.001749525
2019-07-03,1598694.14,0.004347224
2019-07-04,1603552.03,0.003038661
2019-07-05,1598644.93,-0.003060144
2019-07-06,1595991.12,-0.001660037
2019-07-07,1596669.37,0.000424971
2019-07-08,1598463.33,0.001123564
2019-07-09,1596947.13,-0.000948536
2019-07-10,1594408.58,-0.001589627
2019-07-11,1588113.18,-0.003948423
2019-07-12,1586057.79,-0.001294234
2019-07-13,1573823.2,-0.007713836
2019-07-14,1568120.88,-0.003623228
2019-07-15,1561756.94,-0.004058322
2019-07-16,1552905.69,-0.005667495
2019-07-17,1541395.85,-0.007411809
2019-07-18,1529012.2,-0.008034049
2019-07-19,1519861.8,-0.005984517
2019-07-20,1520885.05,0.000673252
2019-07-21,1522816.94,0.001270241
2019-07-22,1528844.85,0.003958394
2019-07-23,1533536.68,0.003068873
2019-07-24,1538671.86,0.003348586
2019-07-25,1538816.77,9.42E-05
2019-07-26,1546200.71,0.004798453
2019-07-27,1549196.58,0.001937569
2019-07-28,1564096.01,0.009617521
2019-07-29,1575165.84,0.007077462
2019-07-30,1580185.98,0.003187055
2019-07-31,1583625.75,0.002176813
2019-08-01,1587346.82,0.002349716
2019-08-02,1584862.01,-0.001565386
2019-08-03,1583775.98,-0.000685252
2019-08-04,1594202.19,0.006583134
2019-08-05,1605930.98,0.007357153
2019-08-06,1616362.71,0.006495752
2019-08-07,1622795.67,0.003979899
2019-08-08,1626050.33,0.002005588
2019-08-09,1629619.83,0.002195197
2019-08-10,1631869.72,0.001380623
2019-08-11,1637241.24,0.003291635
2019-08-12,1642293.83,0.003086039
2019-08-13,1650273.51,0.004858863
2019-08-14,1658425.38,0.004939708
2019-08-15,1659353.79,0.000559814
2019-08-16,1652388.37,-0.00419767
2019-08-17,1655141.51,0.001666158
2019-08-18,1657550.2,0.001455277
2019-08-19,1652748.81,-0.002896678
2019-08-20,1649472.28,-0.001982473
2019-08-21,1655097.99,0.003410612
2019-08-22,1655313.9,0.000130451
2019-08-23,1658744.07,0.002072217
2019-08-24,1662735.19,0.00240611
2019-08-25,1673195.8,0.006291206
2019-08-26,1680759.97,0.004520792
2019-08-27,1682594.26,0.001091346
2019-08-28,1674529.65,-0.004792962
2019-08-29,1662265.07,-0.007324194
2019-08-30,1651843.58,-0.006269451
2019-08-31,1645957.14,-0.003563558
2019-09-01,1649963.42,0.002434012
2019-09-02,1665548.74,0.009445858
2019-09-03,1685559.83,0.012014713
2019-09-04,1694850.23,0.005511759
2019-09-05,1701240.81,0.003770587
2019-09-06,1700127.63,-0.000654334
2019-09-07,1689900.33,-0.006015607
2019-09-08,1675121.51,-0.00874538
2019-09-09,1663547.57,-0.006909314
2019-09-10,1655155.52,-0.005044671
2019-09-11,1650514.85,-0.002803767
2019-09-12,1646648.58,-0.002342463
2019-09-13,1653118.57,0.003929187
2019-09-14,1660245.42,0.004311155
2019-09-15,1659334.61,-0.0005486
2019-09-16,1652250.19,-0.004269434
2019-09-17,1653458.99,0.000731608
2019-09-18,1646923.06,-0.003952883
2019-09-19,1642582.83,-0.002635357
2019-09-20,1639653.26,-0.001783514
2019-09-21,1642391.36,0.001669926
2019-09-22,1640095.18,-0.001398071
2019-09-23,1643571.96,0.002119865
2019-09-24,1651361.28,0.004739263
2019-09-25,1661984.63,0.006433087
2019-09-26,1669388.71,0.004454963
2019-09-27,1673970.19,0.002744406
2019-09-28,1681658.89,0.004593093
2019-09-29,1683742.77,0.001239181
2019-09-30,1682512.25,-0.000730824
2019-10-01,1680331.27,-0.001296264
2019-10-02,1683917.53,0.002134258
2019-10-03,1678730.85,-0.003080127
2019-10-04,1669909.45,-0.005254803
2019-10-05,1662271.94,-0.004573607
2019-10-06,1663010.45,0.000444277
2019-10-07,1662699.85,-0.00018677
2019-10-08,1661239.99,-0.000878006
2019-10-09,1665046.72,0.002291499
2019-10-10,1675439.32,0.006241627
2019-10-11,1675863.5,0.000253175
2019-10-12,1673278.75,-0.001542339
2019-10-13,1678327.55,0.00301731
2019-10-14,1682511.01,0.002492636
2019-10-15,1677721.5,-0.002846644
2019-10-16,1675373.84,-0.001399314
2019-10-17,1666524.36,-0.005282093
2019-10-18,1647388.44,-0.011482532
2019-10-19,1631356.84,-0.009731524
2019-10-20,1619417.06,-0.007318926
2019-10-21,1611736.99,-0.00474249
2019-10-22,1610513.08,-0.000759373
2019-10-23,1616290.49,0.00358731
2019-10-24,1616816.64,0.000325529
2019-10-25,1615496.14,-0.000816728
2019-10-26,1613717.21,-0.001101166
2019-10-27,1608680.68,-0.003121073
2019-10-28,1597723.81,-0.006811091
2019-10-29,1590746.88,-0.004366794
2019-10-30,1579339.31,-0.007171204
2019-10-31,1572863.74,-0.004100177
2019-11-01,1565659.28,-0.004580473
2019-11-02,1568894.29,0.002066229
2019-11-03,1571773.72,0.001835324
2019-11-04,1584142.25,0.007869154
2019-11-05,1589241.66,0.003219035
2019-11-06,1602481.55,0.008330948
2019-11-07,1607604.93,0.003197154
2019-11-08,1612742.24,0.00319563
2019-11-09,1610326.21,-0.001498088
2019-11-10,1604523.06,-0.003603711
2019-11-11,1589255.39,-0.009515395
2019-11-12,1572843.63,-0.010326698
2019-11-13,1550953.01,-0.013917862
2019-11-14,1539077.74,-0.007656757
2019-11-15,1534818,-0.002767722
2019-11-16,1530343.88,-0.002915082
2019-11-17,1530435.91,6.01E-05
2019-11-18,1533052.82,0.001709912
2019-11-19,1535545.5,0.001625958
2019-11-20,1532364.65,-0.002071479
2019-11-21,1532512.28,9.63E-05
2019-11-22,1535081.48,0.001676463
2019-11-23,1535788.87,0.000460816
2019-11-24,1533350.64,-0.001587608
2019-11-25,1534849.31,0.000977382
2019-11-26,1531802.75,-0.001984925
2019-11-27,1519721.6,-0.007886884
2019-11-28,1510109.99,-0.006324586
2019-11-29,1496405.57,-0.009075114
2019-11-30,1483073.01,-0.008909724
2019-12-01,1474910.22,-0.00550397
2019-12-02,1477772.72,0.001940796
2019-12-03,1483714.65,0.004020869
2019-12-04,1491847.17,0.005481189
2019-12-05,1500893.66,0.006063952
2019-12-06,1515497.21,0.009729903
2019-12-07,1528478.81,0.008565902
2019-12-08,1533408.32,0.003225108
2019-12-09,1539567.11,0.004016406
2019-12-10,1548398.92,0.005736554
2019-12-11,1549978.76,0.001020306
2019-12-12,1548148.42,-0.001180881
2019-12-13,1549002.63,0.000551762
2019-12-14,1552219.71,0.002076872
2019-12-15,1552357.72,8.89E-05
2019-12-16,1555380.72,0.00194736
2019-12-17,1562808.9,0.004775795
2019-12-18,1574664.69,0.007586206
2019-12-19,1588905.72,0.009043849
2019-12-20,1603636.12,0.009270783
2019-12-21,1620185.54,0.010319935
2019-12-22,1633194.07,0.008029037
2019-12-23,1646894.79,0.008388911
2019-12-24,1650220.48,0.00201937
2019-12-25,1651897.17,0.00101604
2019-12-26,1652701.38,0.00048684
2019-12-27,1649594.76,-0.001879723
2019-12-28,1647751.42,-0.00111745
2019-12-29,1654517.83,0.004106451
2019-12-30,1661900.57,0.00446217
2019-12-31,1671168.71,0.005576832
2020-01-01,1679577.85,0.005031892
2020-01-02,1691406.35,0.007042543
2020-01-03,1703875.41,0.007372007
2020-01-04,1718326.73,0.008481442
2020-01-05,1729065.92,0.006249795
2020-01-06,1745541.85,0.009528804
2020-01-07,1761217.4,0.008980335
2020-01-08,1778355.26,0.00973069
2020-01-09,1799943.36,0.012139363
2020-01-10,1825344.75,0.014112327
2020-01-11,1845885.22,0.011252926
2020-01-12,1858020.7,0.006574342
2020-01-13,1859039.74,0.000548455
2020-01-14,1856260.48,-0.001494998
2020-01-15,1845206.09,-0.005955193
2020-01-16,1840502.13,-0.002549287
2020-01-17,1839886.98,-0.000334229
2020-01-18,1841352.13,0.000796326
2020-01-19,1833328.6,-0.004357412
2020-01-20,1830397.92,-0.001598557
2020-01-21,1829865.13,-0.000291079
2020-01-22,1821610.56,-0.004511026
2020-01-23,1810977.17,-0.005837356
2020-01-24,1810251.45,-0.000400734
2020-01-25,1809053.31,-0.000661864
2020-01-26,1799558.39,-0.005248557
2020-01-27,1796610.93,-0.00163788
2020-01-28,1796615,2.27E-06
2020-01-29,1794188.74,-0.001350462
2020-01-30,1799058.35,0.002714101
2020-01-31,1801423.92,0.001314893
2020-02-01,1798189.33,-0.001795574
2020-02-02,1799262.71,0.000596923
2020-02-03,1801268.41,0.001114734
2020-02-04,1802681.27,0.000784369
2020-02-05,1811474.65,0.004877945
2020-02-06,1828502.75,0.009400132
2020-02-07,1835569.83,0.003864955
2020-02-08,1835966.04,0.000215851
2020-02-09,1828584.07,-0.004020755
2020-02-10,1824120.67,-0.002440905
2020-02-11,1813854.07,-0.005628246
2020-02-12,1809814.03,-0.002227324
2020-02-13,1809815.48,8.01E-07
2020-02-14,1807936.79,-0.001038056
2020-02-15,1795688.05,-0.006774982
2020-02-16,1785680.15,-0.005573295
2020-02-17,1783539.12,-0.001199
2020-02-18,1781663.23,-0.00105178
2020-02-19,1784758.78,0.00173745
2020-02-20,1798022.58,0.007431705
2020-02-21,1805491.24,0.004153819
2020-02-22,1809539.09,0.002241966
2020-02-23,1813203.65,0.002025134
2020-02-24,1810417.2,-0.001536755
2020-02-25,1805898.87,-0.00249574
2020-02-26,1811542.3,0.003124998
2020-02-27,1816147.78,0.002542298
2020-02-28,1826811.17,0.005871433
2020-02-29,1844211.21,0.009524816
2020-03-01,1851992.27,0.004219181
2020-03-02,1853193.56,0.000648647
2020-03-03,1852655.21,-0.000290499
2020-03-04,1848853.84,-0.00205185
2020-03-05,1847081.89,-0.000958405
